[{"_id":"5d4166d4cc85e20d39f9b741","_courseId":"5d4166d4cc85e20d39f9b73c","_parentId":"5d4166d4cc85e20d39f9b73f","_sortOrder":0,"__v":0,"_refId":"5c5d62946b016c5b2a038f7b","displayTitle":"Getting started with video assessments","body":"<p style=\"text-align: justify;\"><br></p><p><br></p>","_search":{"_searchTagIds":[]},"_progress":{"_isEnabled":true},"_contentLocking":{"_lockedApperance":"default","_requiredAmount":0,"_requiredCompleteIds":[],"_lockIcon":"lock","_lockedText":"This article is locked","_shouldDisableNotifyOnUnlock":false,"_lockingType":"component","_isEnabled":false},"_bookShelf":{"_isShelved":false,"_isEnabled":false},"_animations":{"_easing":"default","_scaleIn":{"_from":50,"_isEnabled":false},"_fadeIn":{"_from":0,"_isEnabled":false},"_slideInY":{"_from":50,"_isReverseDirection":false,"_isEnabled":true},"_slideInX":{"_from":50,"_isReverseDirection":false,"_isEnabled":false}},"_dividers":{"_after":{"_graphicTextStyles":{"_mobile":{"_fontColor":"transparent"},"_tablet":{"_fontColor":"transparent"},"_desktop":{"_fontColor":"transparent"}},"_graphicTextRightPadding":0,"_graphicTextLeftPadding":0,"_graphicTextBottomPadding":0,"_graphicTextTopPadding":0,"_graphicTextWidth":100,"_graphicTextLayout":"top","_shouldEnableGraphicText":false,"_graphic":{"_small":{"_shouldRepeat":false,"_height":200},"_large":{"_shouldRepeat":false,"_height":200}},"_isEnabled":false},"_before":{"_graphicTextStyles":{"_mobile":{"_fontColor":"transparent"},"_tablet":{"_fontColor":"transparent"},"_desktop":{"_fontColor":"transparent"}},"_graphicTextRightPadding":0,"_graphicTextLeftPadding":0,"_graphicTextBottomPadding":0,"_graphicTextTopPadding":0,"_graphicTextWidth":100,"_graphicTextLayout":"top","_shouldEnableGraphicText":false,"_graphic":{"_small":{"_shouldRepeat":false,"_height":200},"_large":{"_shouldRepeat":false,"_height":200}},"_isEnabled":false}},"_mobileBackgroundImage":{"_repeat":false,"_position":"center","_size":"initial"},"_backgroundImage":{"_repeat":false,"_position":"left","_size":"cover"},"_hasScrollActionButton":false,"_classes":"article-style-2","_displayTitleSettings":{"_fontSize":"","_textAlign":"left"},"title":"Intro","_evolveTags":[],"_updatedAt":"2019-07-31T10:00:52.481Z","_createdAt":"2019-07-31T10:00:52.481Z","_type":"article","_isVisible":true,"_courseOrder":"0-0","_childrenIds":["5d4166d4cc85e20d39f9b74c"]},{"_id":"5dc2aef018d97c0d9e6c1e36","_sortOrder":1,"_parentId":"5d4166d4cc85e20d39f9b73f","_courseId":"5d4166d4cc85e20d39f9b73c","_createdBy":"5bb390fed459f65d262aa3b3","__v":0,"_refId":"5dc2aef018d97c0d9e6c1e36","_updatedBy":"5bb390fed459f65d262aa3b3","_search":{"_searchTagIds":[]},"_progress":{"_isEnabled":true},"_contentLocking":{"_lockedApperance":"default","_requiredAmount":0,"_requiredCompleteIds":[],"_lockIcon":"lock","_lockedText":"This article is locked","_shouldDisableNotifyOnUnlock":false,"_lockingType":"component","_isEnabled":false},"_bookShelf":{"_isShelved":false,"_isEnabled":false},"_animations":{"_easing":"default","_scaleIn":{"_from":50,"_isEnabled":false},"_fadeIn":{"_from":0,"_isEnabled":false},"_slideInY":{"_from":50,"_isReverseDirection":false,"_isEnabled":false},"_slideInX":{"_from":50,"_isReverseDirection":false,"_isEnabled":false}},"_dividers":{"_after":{"_graphicTextStyles":{"_mobile":{"_fontColor":"transparent"},"_tablet":{"_fontColor":"transparent"},"_desktop":{"_fontColor":"transparent"}},"_graphicTextRightPadding":0,"_graphicTextLeftPadding":0,"_graphicTextBottomPadding":0,"_graphicTextTopPadding":0,"_graphicTextWidth":100,"_graphicTextLayout":"top","_shouldEnableGraphicText":false,"_graphic":{"_small":{"_shouldRepeat":false,"_height":200},"_large":{"_shouldRepeat":false,"_height":200}},"_isEnabled":false},"_before":{"_graphicTextStyles":{"_mobile":{"_fontColor":"transparent"},"_tablet":{"_fontColor":"transparent"},"_desktop":{"_fontColor":"transparent"}},"_graphicTextRightPadding":0,"_graphicTextLeftPadding":0,"_graphicTextBottomPadding":0,"_graphicTextTopPadding":0,"_graphicTextWidth":100,"_graphicTextLayout":"top","_shouldEnableGraphicText":false,"_graphic":{"_small":{"_shouldRepeat":false,"_height":200},"_large":{"_shouldRepeat":false,"_height":200}},"_isEnabled":false}},"_mobileBackgroundImage":{"_repeat":false,"_position":"center","_size":"initial"},"_backgroundImage":{"_repeat":false,"_position":"center","_size":"initial"},"_hasScrollActionButton":false,"_classes":"article-style-5","title":"3 steps ","_evolveTags":[],"_updatedAt":"2019-11-07T08:26:40.502Z","_createdAt":"2019-11-06T11:30:56.778Z","_type":"article","_isVisible":true,"_courseOrder":"0-1","_childrenIds":["5dc2aef018d97c0d9e6c1e37","5dc2b20b18d97c0d9e6c1e3d"]},{"_id":"5d416946cc85e20d39f9b819","_sortOrder":2,"_parentId":"5d4166d4cc85e20d39f9b73f","_courseId":"5d4166d4cc85e20d39f9b73c","_createdBy":"5bb390fed459f65d262aa3b3","__v":0,"_refId":"5d416946cc85e20d39f9b819","_updatedBy":"5bb390fed459f65d262aa3b3","_search":{"_searchTagIds":[]},"_progress":{"_isEnabled":true},"_contentLocking":{"_lockedApperance":"default","_requiredAmount":0,"_requiredCompleteIds":[],"_lockIcon":"lock","_lockedText":"This article is locked","_shouldDisableNotifyOnUnlock":false,"_lockingType":"component","_isEnabled":false},"_bookShelf":{"_isShelved":false,"_isEnabled":false},"_animations":{"_easing":"default","_scaleIn":{"_from":50,"_isEnabled":false},"_fadeIn":{"_from":0,"_isEnabled":false},"_slideInY":{"_from":50,"_isReverseDirection":false,"_isEnabled":false},"_slideInX":{"_from":50,"_isReverseDirection":false,"_isEnabled":false}},"_dividers":{"_after":{"_graphicTextStyles":{"_mobile":{"_fontColor":"transparent"},"_tablet":{"_fontColor":"transparent"},"_desktop":{"_fontColor":"transparent"}},"_graphicTextRightPadding":0,"_graphicTextLeftPadding":0,"_graphicTextBottomPadding":0,"_graphicTextTopPadding":0,"_graphicTextWidth":100,"_graphicTextLayout":"top","_shouldEnableGraphicText":false,"_graphic":{"_small":{"_shouldRepeat":false,"_height":200},"_large":{"_shouldRepeat":false,"_height":200}},"_isEnabled":false},"_before":{"_graphicTextStyles":{"_mobile":{"_fontColor":"transparent"},"_tablet":{"_fontColor":"transparent"},"_desktop":{"_fontColor":"transparent"}},"_graphicTextRightPadding":0,"_graphicTextLeftPadding":0,"_graphicTextBottomPadding":0,"_graphicTextTopPadding":0,"_graphicTextWidth":100,"_graphicTextLayout":"top","_shouldEnableGraphicText":false,"_graphic":{"_small":{"_shouldRepeat":false,"_height":200},"_large":{"_shouldRepeat":false,"_height":200}},"_isEnabled":false}},"_mobileBackgroundImage":{"_repeat":false,"_position":"center","_size":"initial"},"_backgroundImage":{"_repeat":false,"_position":"center","_size":"initial"},"_hasScrollActionButton":false,"_classes":"article-style-2","title":"3 steps detail","_evolveTags":[],"_updatedAt":"2019-11-07T08:27:21.138Z","_createdAt":"2019-07-31T10:11:18.327Z","_type":"article","_isVisible":true,"_courseOrder":"0-2","_childrenIds":["5d4166d4cc85e20d39f9b746","5d4166d4cc85e20d39f9b749"]},{"_id":"5d4166d4cc85e20d39f9b74f","_sortOrder":3,"_parentId":"5d4166d4cc85e20d39f9b73f","_courseId":"5d4166d4cc85e20d39f9b73c","__v":0,"_refId":"5c5d74f96b016c5b2a038fa4","displayTitle":"What&#39;s next?","body":"<p>It&#39;s time to delve in the practical aspects of going through these three steps.&nbsp;</p><p><br></p><p><br></p>","_updatedBy":"5bb390fed459f65d262aa3b3","_search":{"_searchTagIds":[]},"_progress":{"_isEnabled":true},"_contentLocking":{"_lockedApperance":"default","_requiredAmount":0,"_requiredCompleteIds":[],"_lockIcon":"lock","_lockedText":"This article is locked","_shouldDisableNotifyOnUnlock":false,"_lockingType":"component","_isEnabled":false},"_bookShelf":{"_isShelved":false,"_isEnabled":false},"_animations":{"_easing":"default","_scaleIn":{"_from":50,"_isEnabled":false},"_fadeIn":{"_from":0,"_isEnabled":false},"_slideInY":{"_from":50,"_isReverseDirection":false,"_isEnabled":false},"_slideInX":{"_from":50,"_isReverseDirection":false,"_isEnabled":false}},"_dividers":{"_after":{"_graphicTextStyles":{"_mobile":{"_fontColor":"transparent"},"_tablet":{"_fontColor":"transparent"},"_desktop":{"_fontColor":"transparent"}},"_graphicTextRightPadding":0,"_graphicTextLeftPadding":0,"_graphicTextBottomPadding":0,"_graphicTextTopPadding":0,"_graphicTextWidth":100,"_graphicTextLayout":"top","_shouldEnableGraphicText":false,"_graphic":{"_small":{"_shouldRepeat":false,"_height":200},"_large":{"_shouldRepeat":false,"_height":200}},"_isEnabled":false},"_before":{"_graphicTextStyles":{"_mobile":{"_fontColor":"transparent"},"_tablet":{"_fontColor":"transparent"},"_desktop":{"_fontColor":"transparent"}},"_graphicTextRightPadding":0,"_graphicTextLeftPadding":0,"_graphicTextBottomPadding":0,"_graphicTextTopPadding":0,"_graphicTextWidth":100,"_graphicTextLayout":"top","_shouldEnableGraphicText":false,"_graphic":{"_small":{"_shouldRepeat":false,"_height":200},"_large":{"_shouldRepeat":false,"_height":200}},"_isEnabled":false}},"_mobileBackgroundImage":{"_repeat":false,"_position":"center","_size":"initial"},"_backgroundImage":{"_repeat":false,"_position":"center","_size":"initial"},"_hasScrollActionButton":false,"_classes":"article-style-6","title":"Triage","_evolveTags":[],"_updatedAt":"2019-11-12T11:22:43.360Z","_createdAt":"2019-07-31T10:00:52.594Z","_type":"article","_isVisible":true,"_courseOrder":"0-3","_childrenIds":["5d4166d4cc85e20d39f9b750","5d4166d4cc85e20d39f9b753","5d4166d4cc85e20d39f9b756"]},{"_id":"5d4166d4cc85e20d39f9b75a","_sortOrder":4,"_parentId":"5d4166d4cc85e20d39f9b73f","_courseId":"5d4166d4cc85e20d39f9b73c","__v":0,"_refId":"5c9cc77f9edd9c421da5fe71","_updatedBy":"5bb390fed459f65d262aa3b3","_search":{"_searchTagIds":[]},"_progress":{"_isEnabled":true},"_contentLocking":{"_lockedApperance":"default","_requiredAmount":0,"_requiredCompleteIds":[],"_lockIcon":"lock","_lockedText":"This article is locked","_shouldDisableNotifyOnUnlock":false,"_lockingType":"component","_isEnabled":false},"_bookShelf":{"_isShelved":false,"_isEnabled":false},"_animations":{"_easing":"default","_scaleIn":{"_from":50,"_isEnabled":false},"_fadeIn":{"_from":0,"_isEnabled":false},"_slideInY":{"_from":50,"_isReverseDirection":false,"_isEnabled":false},"_slideInX":{"_from":50,"_isReverseDirection":false,"_isEnabled":false}},"_dividers":{"_after":{"_graphicTextStyles":{"_mobile":{"_fontColor":"transparent"},"_tablet":{"_fontColor":"transparent"},"_desktop":{"_fontColor":"transparent"}},"_graphicTextRightPadding":0,"_graphicTextLeftPadding":0,"_graphicTextBottomPadding":0,"_graphicTextTopPadding":0,"_graphicTextWidth":100,"_graphicTextLayout":"top","_shouldEnableGraphicText":false,"_graphic":{"_small":{"_shouldRepeat":false,"_height":200},"_large":{"_shouldRepeat":false,"_height":200}},"_isEnabled":false},"_before":{"_graphicTextStyles":{"_mobile":{"_fontColor":"transparent"},"_tablet":{"_fontColor":"transparent"},"_desktop":{"_fontColor":"transparent"}},"_graphicTextRightPadding":0,"_graphicTextLeftPadding":0,"_graphicTextBottomPadding":0,"_graphicTextTopPadding":0,"_graphicTextWidth":100,"_graphicTextLayout":"top","_shouldEnableGraphicText":false,"_graphic":{"_small":{"_shouldRepeat":false,"_height":200},"_large":{"_shouldRepeat":false,"_height":200}},"_isEnabled":false}},"_mobileBackgroundImage":{"_repeat":false,"_position":"center","_size":"initial"},"_backgroundImage":{"_repeat":false,"_position":"center","_size":"initial"},"_hasScrollActionButton":false,"_classes":"article-style-1","title":"Install Panopto","_evolveTags":[],"_updatedAt":"2019-11-12T11:23:38.322Z","_createdAt":"2019-07-31T10:00:52.684Z","_type":"article","_isVisible":true,"_courseOrder":"0-4","_childrenIds":["5d4166d4cc85e20d39f9b75b"]},{"_id":"5d5e766ba8c10c720014abbc","_sortOrder":5,"_parentId":"5d4166d4cc85e20d39f9b73f","_courseId":"5d4166d4cc85e20d39f9b73c","_createdBy":"5bb390fed459f65d262aa3b3","__v":0,"_refId":"5d5e766ba8c10c720014abbc","_updatedBy":"5bb390fed459f65d262aa3b3","displayTitle":"Ulster University&#39;s video platform","_search":{"_searchTagIds":[]},"_progress":{"_isEnabled":true},"_contentLocking":{"_lockedApperance":"default","_requiredAmount":0,"_requiredCompleteIds":[],"_lockIcon":"lock","_lockedText":"This article is locked","_shouldDisableNotifyOnUnlock":false,"_lockingType":"component","_isEnabled":false},"_bookShelf":{"_isShelved":false,"_isEnabled":false},"_animations":{"_easing":"default","_scaleIn":{"_from":50,"_isEnabled":false},"_fadeIn":{"_from":0,"_isEnabled":false},"_slideInY":{"_from":50,"_isReverseDirection":false,"_isEnabled":false},"_slideInX":{"_from":50,"_isReverseDirection":false,"_isEnabled":false}},"_dividers":{"_after":{"_graphicTextStyles":{"_mobile":{"_fontColor":"transparent"},"_tablet":{"_fontColor":"transparent"},"_desktop":{"_fontColor":"transparent"}},"_graphicTextRightPadding":0,"_graphicTextLeftPadding":0,"_graphicTextBottomPadding":0,"_graphicTextTopPadding":0,"_graphicTextWidth":100,"_graphicTextLayout":"top","_shouldEnableGraphicText":false,"_graphic":{"_small":{"_shouldRepeat":false,"_height":200},"_large":{"_shouldRepeat":false,"_height":200}},"_isEnabled":false},"_before":{"_graphicTextStyles":{"_mobile":{"_fontColor":"transparent"},"_tablet":{"_fontColor":"transparent"},"_desktop":{"_fontColor":"transparent"}},"_graphicTextRightPadding":0,"_graphicTextLeftPadding":0,"_graphicTextBottomPadding":0,"_graphicTextTopPadding":0,"_graphicTextWidth":100,"_graphicTextLayout":"top","_shouldEnableGraphicText":false,"_graphic":{"_small":{"_shouldRepeat":false,"_height":200},"_large":{"_shouldRepeat":false,"_height":200}},"_isEnabled":false}},"_mobileBackgroundImage":{"_repeat":false,"_position":"center","_size":"initial"},"_backgroundImage":{"_repeat":false,"_position":"center","_size":"initial"},"_hasScrollActionButton":false,"_classes":"article-style-3","title":"More Info","_evolveTags":[],"_updatedAt":"2019-11-12T11:23:45.903Z","_createdAt":"2019-08-22T11:03:07.434Z","_type":"article","_isVisible":true,"_courseOrder":"0-5","_childrenIds":["5d4166d4cc85e20d39f9b742","5d5e766ba8c10c720014abbd","5d4166d4cc85e20d39f9b744"]},{"_id":"5d4166d5cc85e20d39f9b780","_courseId":"5d4166d4cc85e20d39f9b73c","_parentId":"5d4166d4cc85e20d39f9b77e","_sortOrder":0,"__v":0,"_refId":"5c5d980c6b016c5b2a038fcd","displayTitle":"","_updatedBy":"5bb390fed459f65d262aa3b3","_search":{"_searchTagIds":[]},"_progress":{"_isEnabled":true},"_contentLocking":{"_lockedApperance":"default","_requiredAmount":0,"_requiredCompleteIds":[],"_lockIcon":"lock","_lockedText":"This article is locked","_shouldDisableNotifyOnUnlock":false,"_lockingType":"component","_isEnabled":false},"_bookShelf":{"_isShelved":false,"_isEnabled":false},"_animations":{"_easing":"default","_scaleIn":{"_from":50,"_isEnabled":false},"_fadeIn":{"_from":0,"_isEnabled":false},"_slideInY":{"_from":50,"_isReverseDirection":false,"_isEnabled":false},"_slideInX":{"_from":50,"_isReverseDirection":false,"_isEnabled":false}},"_dividers":{"_after":{"_graphicTextStyles":{"_mobile":{"_fontColor":"transparent"},"_tablet":{"_fontColor":"transparent"},"_desktop":{"_fontColor":"transparent"}},"_graphicTextRightPadding":0,"_graphicTextLeftPadding":0,"_graphicTextBottomPadding":0,"_graphicTextTopPadding":0,"_graphicTextWidth":100,"_graphicTextLayout":"top","_shouldEnableGraphicText":false,"_graphic":{"_small":{"_shouldRepeat":false,"_height":200},"_large":{"_shouldRepeat":false,"_height":200}},"_isEnabled":false},"_before":{"_graphicTextStyles":{"_mobile":{"_fontColor":"transparent"},"_tablet":{"_fontColor":"transparent"},"_desktop":{"_fontColor":"transparent"}},"_graphicTextRightPadding":0,"_graphicTextLeftPadding":0,"_graphicTextBottomPadding":0,"_graphicTextTopPadding":0,"_graphicTextWidth":100,"_graphicTextLayout":"top","_shouldEnableGraphicText":false,"_graphic":{"_small":{"_shouldRepeat":false,"_height":200},"_large":{"_shouldRepeat":false,"_height":200}},"_isEnabled":false}},"_mobileBackgroundImage":{"_repeat":false,"_position":"center","_size":"initial"},"_backgroundImage":{"_repeat":false,"_position":"center","_size":"initial"},"_hasScrollActionButton":false,"_classes":"article-style-2","title":"New Article Title","_evolveTags":[],"_updatedAt":"2019-07-31T11:16:27.538Z","_createdAt":"2019-07-31T10:00:53.002Z","_type":"article","_isVisible":true,"_courseOrder":"1-0","_childrenIds":["5d4166d5cc85e20d39f9b781","5d4166d5cc85e20d39f9b784"]},{"_id":"5d4166d5cc85e20d39f9b786","_sortOrder":1,"_parentId":"5d4166d4cc85e20d39f9b77e","_courseId":"5d4166d4cc85e20d39f9b73c","__v":0,"_refId":"5c8a279041a10c100347fdb9","displayTitle":"Shooting the video&nbsp;","body":"","_search":{"_searchTagIds":[]},"_progress":{"_isEnabled":true},"_contentLocking":{"_lockedApperance":"default","_requiredAmount":0,"_requiredCompleteIds":[],"_lockIcon":"lock","_lockedText":"This article is locked","_shouldDisableNotifyOnUnlock":false,"_lockingType":"component","_isEnabled":false},"_bookShelf":{"_isShelved":false,"_isEnabled":false},"_animations":{"_easing":"default","_scaleIn":{"_from":50,"_isEnabled":false},"_fadeIn":{"_from":0,"_isEnabled":false},"_slideInY":{"_from":50,"_isReverseDirection":false,"_isEnabled":false},"_slideInX":{"_from":50,"_isReverseDirection":false,"_isEnabled":false}},"_dividers":{"_after":{"_graphicTextStyles":{"_mobile":{"_fontColor":"transparent"},"_tablet":{"_fontColor":"transparent"},"_desktop":{"_fontColor":"transparent"}},"_graphicTextRightPadding":0,"_graphicTextLeftPadding":0,"_graphicTextBottomPadding":0,"_graphicTextTopPadding":0,"_graphicTextWidth":100,"_graphicTextLayout":"top","_shouldEnableGraphicText":false,"_graphic":{"_small":{"_shouldRepeat":false,"_height":200},"_large":{"_shouldRepeat":false,"_height":200}},"_isEnabled":false},"_before":{"_graphicTextStyles":{"_mobile":{"_fontColor":"transparent"},"_tablet":{"_fontColor":"transparent"},"_desktop":{"_fontColor":"transparent"}},"_graphicTextRightPadding":0,"_graphicTextLeftPadding":0,"_graphicTextBottomPadding":0,"_graphicTextTopPadding":0,"_graphicTextWidth":100,"_graphicTextLayout":"top","_shouldEnableGraphicText":false,"_graphic":{"_small":{"_shouldRepeat":false,"_height":200},"_large":{"_shouldRepeat":false,"_height":200}},"_isEnabled":false}},"_mobileBackgroundImage":{"_repeat":false,"_position":"center","_size":"initial"},"_backgroundImage":{"_repeat":false,"_position":"center","_size":"initial"},"_hasScrollActionButton":false,"_classes":"article-style-4","title":"New Article Title","_evolveTags":[],"_updatedAt":"2019-07-31T10:00:53.060Z","_createdAt":"2019-07-31T10:00:53.060Z","_type":"article","_isVisible":true,"_courseOrder":"1-1","_childrenIds":["5d4166d5cc85e20d39f9b787","5d4166d5cc85e20d39f9b78a"]},{"_id":"5dca750e0a7b5e32fa87f81b","_sortOrder":2,"_parentId":"5d4166d4cc85e20d39f9b77e","_courseId":"5d4166d4cc85e20d39f9b73c","_createdBy":"5bb390fed459f65d262aa3b3","__v":0,"_refId":"5dca750e0a7b5e32fa87f81b","_updatedBy":"5bb390fed459f65d262aa3b3","displayTitle":"Test yourself","body":"<p>Take the two short quizzes to ensure you know what to do to get the best results out of your recording.</p>","_search":{"_searchTagIds":[]},"_progress":{"_isEnabled":true},"_contentLocking":{"_lockedApperance":"default","_requiredAmount":0,"_requiredCompleteIds":[],"_lockIcon":"lock","_lockedText":"This article is locked","_shouldDisableNotifyOnUnlock":false,"_lockingType":"component","_isEnabled":false},"_bookShelf":{"_isShelved":false,"_isEnabled":false},"_animations":{"_easing":"default","_scaleIn":{"_from":50,"_isEnabled":false},"_fadeIn":{"_from":0,"_isEnabled":false},"_slideInY":{"_from":50,"_isReverseDirection":false,"_isEnabled":false},"_slideInX":{"_from":50,"_isReverseDirection":false,"_isEnabled":false}},"_dividers":{"_after":{"_graphicTextStyles":{"_mobile":{"_fontColor":"transparent"},"_tablet":{"_fontColor":"transparent"},"_desktop":{"_fontColor":"transparent"}},"_graphicTextRightPadding":0,"_graphicTextLeftPadding":0,"_graphicTextBottomPadding":0,"_graphicTextTopPadding":0,"_graphicTextWidth":100,"_graphicTextLayout":"top","_shouldEnableGraphicText":false,"_graphic":{"_small":{"_shouldRepeat":false,"_height":200},"_large":{"_shouldRepeat":false,"_height":200}},"_isEnabled":false},"_before":{"_graphicTextStyles":{"_mobile":{"_fontColor":"transparent"},"_tablet":{"_fontColor":"transparent"},"_desktop":{"_fontColor":"transparent"}},"_graphicTextRightPadding":0,"_graphicTextLeftPadding":0,"_graphicTextBottomPadding":0,"_graphicTextTopPadding":0,"_graphicTextWidth":100,"_graphicTextLayout":"top","_shouldEnableGraphicText":false,"_graphic":{"_small":{"_shouldRepeat":false,"_height":200},"_large":{"_shouldRepeat":false,"_height":200}},"_isEnabled":false}},"_mobileBackgroundImage":{"_repeat":false,"_position":"center","_size":"initial"},"_backgroundImage":{"_repeat":false,"_position":"center","_size":"initial"},"_hasScrollActionButton":false,"_classes":"article-style-3","title":"Test yourself ","_evolveTags":[],"_updatedAt":"2019-11-12T10:58:52.413Z","_createdAt":"2019-11-12T09:02:06.366Z","_type":"article","_isVisible":true,"_courseOrder":"1-2","_childrenIds":["5dca750e0a7b5e32fa87f81c","5dca76c30a7b5e32fa87f828"]},{"_id":"5d4166d5cc85e20d39f9b78d","_sortOrder":3,"_parentId":"5d4166d4cc85e20d39f9b77e","_courseId":"5d4166d4cc85e20d39f9b73c","__v":0,"_refId":"5c90b84d95c1bf3478ee3201","_updatedBy":"5bb390fed459f65d262aa3b3","displayTitle":"What&#39;s Next?","_search":{"_searchTagIds":[]},"_progress":{"_isEnabled":true},"_contentLocking":{"_lockedApperance":"default","_requiredAmount":0,"_requiredCompleteIds":[],"_lockIcon":"lock","_lockedText":"This article is locked","_shouldDisableNotifyOnUnlock":false,"_lockingType":"component","_isEnabled":false},"_bookShelf":{"_isShelved":false,"_isEnabled":false},"_animations":{"_easing":"default","_scaleIn":{"_from":50,"_isEnabled":false},"_fadeIn":{"_from":0,"_isEnabled":false},"_slideInY":{"_from":50,"_isReverseDirection":false,"_isEnabled":false},"_slideInX":{"_from":50,"_isReverseDirection":false,"_isEnabled":false}},"_dividers":{"_after":{"_graphicTextStyles":{"_mobile":{"_fontColor":"transparent"},"_tablet":{"_fontColor":"transparent"},"_desktop":{"_fontColor":"transparent"}},"_graphicTextRightPadding":0,"_graphicTextLeftPadding":0,"_graphicTextBottomPadding":0,"_graphicTextTopPadding":0,"_graphicTextWidth":100,"_graphicTextLayout":"top","_shouldEnableGraphicText":false,"_graphic":{"_small":{"_shouldRepeat":false,"_height":200},"_large":{"_shouldRepeat":false,"_height":200}},"_isEnabled":false},"_before":{"_graphicTextStyles":{"_mobile":{"_fontColor":"transparent"},"_tablet":{"_fontColor":"transparent"},"_desktop":{"_fontColor":"transparent"}},"_graphicTextRightPadding":0,"_graphicTextLeftPadding":0,"_graphicTextBottomPadding":0,"_graphicTextTopPadding":0,"_graphicTextWidth":100,"_graphicTextLayout":"top","_shouldEnableGraphicText":false,"_graphic":{"_small":{"_shouldRepeat":false,"_height":200},"_large":{"_shouldRepeat":false,"_height":200}},"_isEnabled":false}},"_mobileBackgroundImage":{"_repeat":false,"_position":"center","_size":"initial"},"_backgroundImage":{"_repeat":false,"_position":"center","_size":"initial"},"_hasScrollActionButton":false,"_classes":"article-style-6","title":"Whats next","_evolveTags":[],"_updatedAt":"2019-11-12T11:13:50.059Z","_createdAt":"2019-07-31T10:00:53.114Z","_type":"article","_isVisible":true,"_courseOrder":"1-3","_childrenIds":["5d4166d5cc85e20d39f9b78e"]},{"_id":"5d4166d5cc85e20d39f9b790","_sortOrder":4,"_parentId":"5d4166d4cc85e20d39f9b77e","_courseId":"5d4166d4cc85e20d39f9b73c","__v":0,"_refId":"5c9e0c953a0d766acdd32264","_updatedBy":"5bb390fed459f65d262aa3b3","_search":{"_searchTagIds":[]},"_progress":{"_isEnabled":true},"_contentLocking":{"_lockedApperance":"default","_requiredAmount":0,"_requiredCompleteIds":[],"_lockIcon":"lock","_lockedText":"This article is locked","_shouldDisableNotifyOnUnlock":false,"_lockingType":"component","_isEnabled":false},"_bookShelf":{"_isShelved":false,"_isEnabled":false},"_animations":{"_easing":"default","_scaleIn":{"_from":50,"_isEnabled":false},"_fadeIn":{"_from":0,"_isEnabled":false},"_slideInY":{"_from":50,"_isReverseDirection":false,"_isEnabled":false},"_slideInX":{"_from":50,"_isReverseDirection":false,"_isEnabled":false}},"_dividers":{"_after":{"_graphicTextStyles":{"_mobile":{"_fontColor":"transparent"},"_tablet":{"_fontColor":"transparent"},"_desktop":{"_fontColor":"transparent"}},"_graphicTextRightPadding":0,"_graphicTextLeftPadding":0,"_graphicTextBottomPadding":0,"_graphicTextTopPadding":0,"_graphicTextWidth":100,"_graphicTextLayout":"top","_shouldEnableGraphicText":false,"_graphic":{"_small":{"_shouldRepeat":false,"_height":200},"_large":{"_shouldRepeat":false,"_height":200}},"_isEnabled":false},"_before":{"_graphicTextStyles":{"_mobile":{"_fontColor":"transparent"},"_tablet":{"_fontColor":"transparent"},"_desktop":{"_fontColor":"transparent"}},"_graphicTextRightPadding":0,"_graphicTextLeftPadding":0,"_graphicTextBottomPadding":0,"_graphicTextTopPadding":0,"_graphicTextWidth":100,"_graphicTextLayout":"top","_shouldEnableGraphicText":false,"_graphic":{"_small":{"_shouldRepeat":false,"_height":200},"_large":{"_shouldRepeat":false,"_height":200}},"_isEnabled":false}},"_mobileBackgroundImage":{"_repeat":false,"_position":"center","_size":"initial"},"_backgroundImage":{"_repeat":false,"_position":"center","_size":"initial"},"_hasScrollActionButton":false,"_classes":"article-style-4","title":"New Article Title","_evolveTags":[],"_updatedAt":"2019-11-12T11:11:05.831Z","_createdAt":"2019-07-31T10:00:53.145Z","_type":"article","_isVisible":false,"_courseOrder":"1-4"},{"_id":"5d4166d5cc85e20d39f9b796","_courseId":"5d4166d4cc85e20d39f9b73c","_parentId":"5d4166d5cc85e20d39f9b795","_sortOrder":0,"__v":0,"_refId":"5c61594ff6b4af27956ef257","displayTitle":"Recording with a computer","body":"","_search":{"_searchTagIds":[]},"_progress":{"_isEnabled":true},"_contentLocking":{"_lockedApperance":"default","_requiredAmount":0,"_requiredCompleteIds":[],"_lockIcon":"lock","_lockedText":"This article is locked","_shouldDisableNotifyOnUnlock":false,"_lockingType":"component","_isEnabled":false},"_bookShelf":{"_isShelved":false,"_isEnabled":false},"_animations":{"_easing":"default","_scaleIn":{"_from":50,"_isEnabled":false},"_fadeIn":{"_from":0,"_isEnabled":false},"_slideInY":{"_from":50,"_isReverseDirection":false,"_isEnabled":false},"_slideInX":{"_from":50,"_isReverseDirection":false,"_isEnabled":false}},"_dividers":{"_after":{"_graphicTextStyles":{"_mobile":{"_fontColor":"transparent"},"_tablet":{"_fontColor":"transparent"},"_desktop":{"_fontColor":"transparent"}},"_graphicTextRightPadding":0,"_graphicTextLeftPadding":0,"_graphicTextBottomPadding":0,"_graphicTextTopPadding":0,"_graphicTextWidth":100,"_graphicTextLayout":"top","_shouldEnableGraphicText":false,"_graphic":{"_small":{"_shouldRepeat":false,"_height":200},"_large":{"_shouldRepeat":false,"_height":200}},"_isEnabled":false},"_before":{"_graphicTextStyles":{"_mobile":{"_fontColor":"transparent"},"_tablet":{"_fontColor":"transparent"},"_desktop":{"_fontColor":"transparent"}},"_graphicTextRightPadding":0,"_graphicTextLeftPadding":0,"_graphicTextBottomPadding":0,"_graphicTextTopPadding":0,"_graphicTextWidth":100,"_graphicTextLayout":"top","_shouldEnableGraphicText":false,"_graphic":{"_small":{"_shouldRepeat":false,"_height":200},"_large":{"_shouldRepeat":false,"_height":200}},"_isEnabled":false}},"_mobileBackgroundImage":{"_repeat":false,"_position":"center","_size":"initial"},"_backgroundImage":{"_repeat":false,"_position":"center","_size":"initial"},"_hasScrollActionButton":false,"_classes":"article-style-2","title":"Recording a video using a computer","_evolveTags":[],"_updatedAt":"2019-07-31T10:00:53.193Z","_createdAt":"2019-07-31T10:00:53.193Z","_type":"article","_isVisible":true,"_courseOrder":"2-0","_childrenIds":["5d4166d5cc85e20d39f9b797"]},{"_id":"5d4166d5cc85e20d39f9b79e","_sortOrder":1,"_parentId":"5d4166d5cc85e20d39f9b795","_courseId":"5d4166d4cc85e20d39f9b73c","__v":0,"_refId":"5ca325d78c606d05f521fa61","_search":{"_searchTagIds":[]},"_progress":{"_isEnabled":true},"_contentLocking":{"_lockedApperance":"default","_requiredAmount":0,"_requiredCompleteIds":[],"_lockIcon":"lock","_lockedText":"This article is locked","_shouldDisableNotifyOnUnlock":false,"_lockingType":"component","_isEnabled":false},"_bookShelf":{"_isShelved":false,"_isEnabled":false},"_animations":{"_easing":"default","_scaleIn":{"_from":50,"_isEnabled":false},"_fadeIn":{"_from":0,"_isEnabled":false},"_slideInY":{"_from":50,"_isReverseDirection":false,"_isEnabled":false},"_slideInX":{"_from":50,"_isReverseDirection":false,"_isEnabled":false}},"_dividers":{"_after":{"_graphicTextStyles":{"_mobile":{"_fontColor":"transparent"},"_tablet":{"_fontColor":"transparent"},"_desktop":{"_fontColor":"transparent"}},"_graphicTextRightPadding":0,"_graphicTextLeftPadding":0,"_graphicTextBottomPadding":0,"_graphicTextTopPadding":0,"_graphicTextWidth":100,"_graphicTextLayout":"top","_shouldEnableGraphicText":false,"_graphic":{"_small":{"_shouldRepeat":false,"_height":200},"_large":{"_shouldRepeat":false,"_height":200}},"_isEnabled":false},"_before":{"_graphicTextStyles":{"_mobile":{"_fontColor":"transparent"},"_tablet":{"_fontColor":"transparent"},"_desktop":{"_fontColor":"transparent"}},"_graphicTextRightPadding":0,"_graphicTextLeftPadding":0,"_graphicTextBottomPadding":0,"_graphicTextTopPadding":0,"_graphicTextWidth":100,"_graphicTextLayout":"top","_shouldEnableGraphicText":false,"_graphic":{"_small":{"_shouldRepeat":false,"_height":200},"_large":{"_shouldRepeat":false,"_height":200}},"_isEnabled":false}},"_mobileBackgroundImage":{"_repeat":false,"_position":"center","_size":"initial"},"_backgroundImage":{"_repeat":false,"_position":"center","_size":"initial"},"_hasScrollActionButton":false,"_classes":"article-style-6","title":"New Article Title","_evolveTags":[],"_updatedAt":"2019-07-31T10:00:53.259Z","_createdAt":"2019-07-31T10:00:53.259Z","_type":"article","_isVisible":true,"_courseOrder":"2-1","_childrenIds":["5d4166d5cc85e20d39f9b79f"]},{"_id":"5d4166d5cc85e20d39f9b79b","_sortOrder":2,"_parentId":"5d4166d5cc85e20d39f9b795","_courseId":"5d4166d4cc85e20d39f9b73c","__v":0,"_refId":"5c98f76a2b507a2249727a36","_search":{"_searchTagIds":[]},"_progress":{"_isEnabled":true},"_contentLocking":{"_lockedApperance":"default","_requiredAmount":0,"_requiredCompleteIds":[],"_lockIcon":"lock","_lockedText":"This article is locked","_shouldDisableNotifyOnUnlock":false,"_lockingType":"component","_isEnabled":false},"_bookShelf":{"_isShelved":false,"_isEnabled":false},"_animations":{"_easing":"default","_scaleIn":{"_from":50,"_isEnabled":false},"_fadeIn":{"_from":0,"_isEnabled":false},"_slideInY":{"_from":50,"_isReverseDirection":false,"_isEnabled":false},"_slideInX":{"_from":50,"_isReverseDirection":false,"_isEnabled":false}},"_dividers":{"_after":{"_graphicTextStyles":{"_mobile":{"_fontColor":"transparent"},"_tablet":{"_fontColor":"transparent"},"_desktop":{"_fontColor":"transparent"}},"_graphicTextRightPadding":0,"_graphicTextLeftPadding":0,"_graphicTextBottomPadding":0,"_graphicTextTopPadding":0,"_graphicTextWidth":100,"_graphicTextLayout":"top","_shouldEnableGraphicText":false,"_graphic":{"_small":{"_shouldRepeat":false,"_height":200},"_large":{"_shouldRepeat":false,"_height":200}},"_isEnabled":false},"_before":{"_graphicTextStyles":{"_mobile":{"_fontColor":"transparent"},"_tablet":{"_fontColor":"transparent"},"_desktop":{"_fontColor":"transparent"}},"_graphicTextRightPadding":0,"_graphicTextLeftPadding":0,"_graphicTextBottomPadding":0,"_graphicTextTopPadding":0,"_graphicTextWidth":100,"_graphicTextLayout":"top","_shouldEnableGraphicText":false,"_graphic":{"_small":{"_shouldRepeat":false,"_height":200},"_large":{"_shouldRepeat":false,"_height":200}},"_isEnabled":false}},"_mobileBackgroundImage":{"_repeat":false,"_position":"center","_size":"initial"},"_backgroundImage":{"_repeat":false,"_position":"center","_size":"initial"},"_hasScrollActionButton":false,"_classes":"article-style-1","title":"New Article Title","_evolveTags":[],"_updatedAt":"2019-07-31T10:00:53.233Z","_createdAt":"2019-07-31T10:00:53.233Z","_type":"article","_isVisible":true,"_courseOrder":"2-2","_childrenIds":["5d4166d5cc85e20d39f9b79c"]},{"_id":"5d4166d5cc85e20d39f9b7a1","_sortOrder":3,"_parentId":"5d4166d5cc85e20d39f9b795","_courseId":"5d4166d4cc85e20d39f9b73c","__v":0,"_refId":"5caf087514c1de66613423de","_search":{"_searchTagIds":[]},"_progress":{"_isEnabled":true},"_contentLocking":{"_lockedApperance":"default","_requiredAmount":0,"_requiredCompleteIds":[],"_lockIcon":"lock","_lockedText":"This article is locked","_shouldDisableNotifyOnUnlock":false,"_lockingType":"component","_isEnabled":false},"_bookShelf":{"_isShelved":false,"_isEnabled":false},"_animations":{"_easing":"default","_scaleIn":{"_from":50,"_isEnabled":false},"_fadeIn":{"_from":0,"_isEnabled":false},"_slideInY":{"_from":50,"_isReverseDirection":false,"_isEnabled":false},"_slideInX":{"_from":50,"_isReverseDirection":false,"_isEnabled":false}},"_dividers":{"_after":{"_graphicTextStyles":{"_mobile":{"_fontColor":"transparent"},"_tablet":{"_fontColor":"transparent"},"_desktop":{"_fontColor":"transparent"}},"_graphicTextRightPadding":0,"_graphicTextLeftPadding":0,"_graphicTextBottomPadding":0,"_graphicTextTopPadding":0,"_graphicTextWidth":100,"_graphicTextLayout":"top","_shouldEnableGraphicText":false,"_graphic":{"_small":{"_shouldRepeat":false,"_height":200},"_large":{"_shouldRepeat":false,"_height":200}},"_isEnabled":false},"_before":{"_graphicTextStyles":{"_mobile":{"_fontColor":"transparent"},"_tablet":{"_fontColor":"transparent"},"_desktop":{"_fontColor":"transparent"}},"_graphicTextRightPadding":0,"_graphicTextLeftPadding":0,"_graphicTextBottomPadding":0,"_graphicTextTopPadding":0,"_graphicTextWidth":100,"_graphicTextLayout":"top","_shouldEnableGraphicText":false,"_graphic":{"_small":{"_shouldRepeat":false,"_height":200},"_large":{"_shouldRepeat":false,"_height":200}},"_isEnabled":false}},"_mobileBackgroundImage":{"_repeat":false,"_position":"center","_size":"initial"},"_backgroundImage":{"_repeat":false,"_position":"center","_size":"initial"},"_hasScrollActionButton":false,"_classes":"article-style-6","title":"New Article Title","_evolveTags":[],"_updatedAt":"2019-07-31T10:00:53.281Z","_createdAt":"2019-07-31T10:00:53.281Z","_type":"article","_isVisible":false,"_courseOrder":"2-3"},{"_id":"5d4166d5cc85e20d39f9b7d5","_courseId":"5d4166d4cc85e20d39f9b73c","_parentId":"5d4166d5cc85e20d39f9b7d4","_sortOrder":0,"__v":0,"_refId":"5c9ca6a59edd9c421da5fe3b","displayTitle":"Uploading a video - the easiest way","_search":{"_searchTagIds":[]},"_progress":{"_isEnabled":true},"_contentLocking":{"_lockedApperance":"default","_requiredAmount":0,"_requiredCompleteIds":[],"_lockIcon":"lock","_lockedText":"This article is locked","_shouldDisableNotifyOnUnlock":false,"_lockingType":"component","_isEnabled":false},"_bookShelf":{"_isShelved":false,"_isEnabled":false},"_animations":{"_easing":"default","_scaleIn":{"_from":50,"_isEnabled":false},"_fadeIn":{"_from":0,"_isEnabled":false},"_slideInY":{"_from":50,"_isReverseDirection":false,"_isEnabled":false},"_slideInX":{"_from":50,"_isReverseDirection":false,"_isEnabled":false}},"_dividers":{"_after":{"_graphicTextStyles":{"_mobile":{"_fontColor":"transparent"},"_tablet":{"_fontColor":"transparent"},"_desktop":{"_fontColor":"transparent"}},"_graphicTextRightPadding":0,"_graphicTextLeftPadding":0,"_graphicTextBottomPadding":0,"_graphicTextTopPadding":0,"_graphicTextWidth":100,"_graphicTextLayout":"top","_shouldEnableGraphicText":false,"_graphic":{"_small":{"_shouldRepeat":false,"_height":200},"_large":{"_shouldRepeat":false,"_height":200}},"_isEnabled":false},"_before":{"_graphicTextStyles":{"_mobile":{"_fontColor":"transparent"},"_tablet":{"_fontColor":"transparent"},"_desktop":{"_fontColor":"transparent"}},"_graphicTextRightPadding":0,"_graphicTextLeftPadding":0,"_graphicTextBottomPadding":0,"_graphicTextTopPadding":0,"_graphicTextWidth":100,"_graphicTextLayout":"top","_shouldEnableGraphicText":false,"_graphic":{"_small":{"_shouldRepeat":false,"_height":200},"_large":{"_shouldRepeat":false,"_height":200}},"_isEnabled":false}},"_mobileBackgroundImage":{"_repeat":false,"_position":"center","_size":"initial"},"_backgroundImage":{"_repeat":false,"_position":"center","_size":"initial"},"_hasScrollActionButton":false,"_classes":"article-style-1","title":"New Article Title","_evolveTags":[],"_updatedAt":"2019-07-31T10:00:53.829Z","_createdAt":"2019-07-31T10:00:53.828Z","_type":"article","_isVisible":true,"_courseOrder":"3-0","_childrenIds":["5d4166d5cc85e20d39f9b7d6","5d4166d5cc85e20d39f9b7d8"]},{"_id":"5d4166d5cc85e20d39f9b7da","_sortOrder":1,"_parentId":"5d4166d5cc85e20d39f9b7d4","_courseId":"5d4166d4cc85e20d39f9b73c","__v":0,"_refId":"5c9cb7d09edd9c421da5fe62","_search":{"_searchTagIds":[]},"_progress":{"_isEnabled":true},"_contentLocking":{"_lockedApperance":"default","_requiredAmount":0,"_requiredCompleteIds":[],"_lockIcon":"lock","_lockedText":"This article is locked","_shouldDisableNotifyOnUnlock":false,"_lockingType":"component","_isEnabled":false},"_bookShelf":{"_isShelved":false,"_isEnabled":false},"_animations":{"_easing":"default","_scaleIn":{"_from":50,"_isEnabled":false},"_fadeIn":{"_from":0,"_isEnabled":false},"_slideInY":{"_from":50,"_isReverseDirection":false,"_isEnabled":false},"_slideInX":{"_from":50,"_isReverseDirection":false,"_isEnabled":false}},"_dividers":{"_after":{"_graphicTextStyles":{"_mobile":{"_fontColor":"transparent"},"_tablet":{"_fontColor":"transparent"},"_desktop":{"_fontColor":"transparent"}},"_graphicTextRightPadding":0,"_graphicTextLeftPadding":0,"_graphicTextBottomPadding":0,"_graphicTextTopPadding":0,"_graphicTextWidth":100,"_graphicTextLayout":"top","_shouldEnableGraphicText":false,"_graphic":{"_small":{"_shouldRepeat":false,"_height":200},"_large":{"_shouldRepeat":false,"_height":200}},"_isEnabled":false},"_before":{"_graphicTextStyles":{"_mobile":{"_fontColor":"transparent"},"_tablet":{"_fontColor":"transparent"},"_desktop":{"_fontColor":"transparent"}},"_graphicTextRightPadding":0,"_graphicTextLeftPadding":0,"_graphicTextBottomPadding":0,"_graphicTextTopPadding":0,"_graphicTextWidth":100,"_graphicTextLayout":"top","_shouldEnableGraphicText":false,"_graphic":{"_small":{"_shouldRepeat":false,"_height":200},"_large":{"_shouldRepeat":false,"_height":200}},"_isEnabled":false}},"_mobileBackgroundImage":{"_repeat":false,"_position":"center","_size":"initial"},"_backgroundImage":{"_repeat":false,"_position":"center","_size":"initial"},"_hasScrollActionButton":false,"_classes":"article-style-6","title":"New Article Title","_evolveTags":[],"_updatedAt":"2019-07-31T10:00:53.863Z","_createdAt":"2019-07-31T10:00:53.863Z","_type":"article","_isVisible":true,"_courseOrder":"3-1","_childrenIds":["5d4166d5cc85e20d39f9b7db"]},{"_id":"5d4166d5cc85e20d39f9b7b8","_sortOrder":0,"_parentId":"5d4166d5cc85e20d39f9b7b3","_courseId":"5d4166d4cc85e20d39f9b73c","__v":0,"_refId":"5c78055838c3cf54ce28d552","_search":{"_searchTagIds":[]},"_progress":{"_isEnabled":true},"_contentLocking":{"_lockedApperance":"default","_requiredAmount":0,"_requiredCompleteIds":[],"_lockIcon":"lock","_lockedText":"This article is locked","_shouldDisableNotifyOnUnlock":false,"_lockingType":"component","_isEnabled":false},"_bookShelf":{"_isShelved":false,"_isEnabled":false},"_animations":{"_easing":"default","_scaleIn":{"_from":50,"_isEnabled":false},"_fadeIn":{"_from":0,"_isEnabled":false},"_slideInY":{"_from":50,"_isReverseDirection":false,"_isEnabled":false},"_slideInX":{"_from":50,"_isReverseDirection":false,"_isEnabled":false}},"_dividers":{"_after":{"_graphicTextStyles":{"_mobile":{"_fontColor":"transparent"},"_tablet":{"_fontColor":"transparent"},"_desktop":{"_fontColor":"transparent"}},"_graphicTextRightPadding":0,"_graphicTextLeftPadding":0,"_graphicTextBottomPadding":0,"_graphicTextTopPadding":0,"_graphicTextWidth":100,"_graphicTextLayout":"top","_shouldEnableGraphicText":false,"_graphic":{"_small":{"_shouldRepeat":false,"_height":200},"_large":{"_shouldRepeat":false,"_height":200}},"_isEnabled":false},"_before":{"_graphicTextStyles":{"_mobile":{"_fontColor":"transparent"},"_tablet":{"_fontColor":"transparent"},"_desktop":{"_fontColor":"transparent"}},"_graphicTextRightPadding":0,"_graphicTextLeftPadding":0,"_graphicTextBottomPadding":0,"_graphicTextTopPadding":0,"_graphicTextWidth":100,"_graphicTextLayout":"top","_shouldEnableGraphicText":false,"_graphic":{"_small":{"_shouldRepeat":false,"_height":200},"_large":{"_shouldRepeat":false,"_height":200}},"_isEnabled":false}},"_mobileBackgroundImage":{"_repeat":false,"_position":"center","_size":"initial"},"_backgroundImage":{"_repeat":false,"_position":"center","_size":"initial"},"_hasScrollActionButton":false,"_classes":"article-style-6","title":"New Article Title","_evolveTags":[],"_updatedAt":"2019-07-31T10:00:53.505Z","_createdAt":"2019-07-31T10:00:53.505Z","_type":"article","_isVisible":true,"_courseOrder":"4-0","_childrenIds":["5d4166d5cc85e20d39f9b7b9"]},{"_id":"5d4166d5cc85e20d39f9b7b4","_courseId":"5d4166d4cc85e20d39f9b73c","_parentId":"5d4166d5cc85e20d39f9b7b3","_sortOrder":1,"__v":0,"_refId":"5c62b01747d95560efada450","_search":{"_searchTagIds":[]},"_progress":{"_isEnabled":true},"_contentLocking":{"_lockedApperance":"default","_requiredAmount":0,"_requiredCompleteIds":[],"_lockIcon":"lock","_lockedText":"This article is locked","_shouldDisableNotifyOnUnlock":false,"_lockingType":"component","_isEnabled":false},"_bookShelf":{"_isShelved":false,"_isEnabled":false},"_animations":{"_easing":"default","_scaleIn":{"_from":50,"_isEnabled":false},"_fadeIn":{"_from":0,"_isEnabled":false},"_slideInY":{"_from":50,"_isReverseDirection":false,"_isEnabled":false},"_slideInX":{"_from":50,"_isReverseDirection":false,"_isEnabled":false}},"_dividers":{"_after":{"_graphicTextStyles":{"_mobile":{"_fontColor":"transparent"},"_tablet":{"_fontColor":"transparent"},"_desktop":{"_fontColor":"transparent"}},"_graphicTextRightPadding":0,"_graphicTextLeftPadding":0,"_graphicTextBottomPadding":0,"_graphicTextTopPadding":0,"_graphicTextWidth":100,"_graphicTextLayout":"top","_shouldEnableGraphicText":false,"_graphic":{"_small":{"_shouldRepeat":false,"_height":200},"_large":{"_shouldRepeat":false,"_height":200}},"_isEnabled":false},"_before":{"_graphicTextStyles":{"_mobile":{"_fontColor":"transparent"},"_tablet":{"_fontColor":"transparent"},"_desktop":{"_fontColor":"transparent"}},"_graphicTextRightPadding":0,"_graphicTextLeftPadding":0,"_graphicTextBottomPadding":0,"_graphicTextTopPadding":0,"_graphicTextWidth":100,"_graphicTextLayout":"top","_shouldEnableGraphicText":false,"_graphic":{"_small":{"_shouldRepeat":false,"_height":200},"_large":{"_shouldRepeat":false,"_height":200}},"_isEnabled":false}},"_mobileBackgroundImage":{"_repeat":false,"_position":"center","_size":"initial"},"_backgroundImage":{"_repeat":false,"_position":"center","_size":"initial"},"_hasScrollActionButton":false,"_classes":"article-style-1","title":"New Article Title","_evolveTags":[],"_updatedAt":"2019-07-31T10:00:53.463Z","_createdAt":"2019-07-31T10:00:53.463Z","_type":"article","_isVisible":true,"_courseOrder":"4-1","_childrenIds":["5d4166d5cc85e20d39f9b7b5"]},{"_id":"5d4166d5cc85e20d39f9b7bc","_sortOrder":2,"_parentId":"5d4166d5cc85e20d39f9b7b3","_courseId":"5d4166d4cc85e20d39f9b73c","__v":0,"_refId":"5c98e53d2b507a2249727a11","displayTitle":"Video walkthrough","_search":{"_searchTagIds":[]},"_progress":{"_isEnabled":true},"_contentLocking":{"_lockedApperance":"default","_requiredAmount":0,"_requiredCompleteIds":[],"_lockIcon":"lock","_lockedText":"This article is locked","_shouldDisableNotifyOnUnlock":false,"_lockingType":"component","_isEnabled":false},"_bookShelf":{"_isShelved":false,"_isEnabled":false},"_animations":{"_easing":"default","_scaleIn":{"_from":50,"_isEnabled":false},"_fadeIn":{"_from":0,"_isEnabled":false},"_slideInY":{"_from":50,"_isReverseDirection":false,"_isEnabled":false},"_slideInX":{"_from":50,"_isReverseDirection":false,"_isEnabled":false}},"_dividers":{"_after":{"_graphicTextStyles":{"_mobile":{"_fontColor":"transparent"},"_tablet":{"_fontColor":"transparent"},"_desktop":{"_fontColor":"transparent"}},"_graphicTextRightPadding":0,"_graphicTextLeftPadding":0,"_graphicTextBottomPadding":0,"_graphicTextTopPadding":0,"_graphicTextWidth":100,"_graphicTextLayout":"top","_shouldEnableGraphicText":false,"_graphic":{"_small":{"_shouldRepeat":false,"_height":200},"_large":{"_shouldRepeat":false,"_height":200}},"_isEnabled":false},"_before":{"_graphicTextStyles":{"_mobile":{"_fontColor":"transparent"},"_tablet":{"_fontColor":"transparent"},"_desktop":{"_fontColor":"transparent"}},"_graphicTextRightPadding":0,"_graphicTextLeftPadding":0,"_graphicTextBottomPadding":0,"_graphicTextTopPadding":0,"_graphicTextWidth":100,"_graphicTextLayout":"top","_shouldEnableGraphicText":false,"_graphic":{"_small":{"_shouldRepeat":false,"_height":200},"_large":{"_shouldRepeat":false,"_height":200}},"_isEnabled":false}},"_mobileBackgroundImage":{"_repeat":false,"_position":"center","_size":"initial"},"_backgroundImage":{"_repeat":false,"_position":"center","_size":"initial"},"_hasScrollActionButton":false,"_classes":"article-style-6","title":"Video walkthrough","_evolveTags":[],"_updatedAt":"2019-07-31T10:00:53.540Z","_createdAt":"2019-07-31T10:00:53.540Z","_type":"article","_isVisible":true,"_courseOrder":"4-2","_childrenIds":["5d4166d5cc85e20d39f9b7bd","5d4166d5cc85e20d39f9b7bf"]},{"_id":"5d4166d5cc85e20d39f9b7c1","_sortOrder":3,"_parentId":"5d4166d5cc85e20d39f9b7b3","_courseId":"5d4166d4cc85e20d39f9b73c","__v":0,"_refId":"5c9a122bcce4e45028b87e32","_search":{"_searchTagIds":[]},"_progress":{"_isEnabled":true},"_contentLocking":{"_lockedApperance":"default","_requiredAmount":0,"_requiredCompleteIds":[],"_lockIcon":"lock","_lockedText":"This article is locked","_shouldDisableNotifyOnUnlock":false,"_lockingType":"component","_isEnabled":false},"_bookShelf":{"_isShelved":false,"_isEnabled":false},"_animations":{"_easing":"default","_scaleIn":{"_from":50,"_isEnabled":false},"_fadeIn":{"_from":0,"_isEnabled":false},"_slideInY":{"_from":50,"_isReverseDirection":false,"_isEnabled":false},"_slideInX":{"_from":50,"_isReverseDirection":false,"_isEnabled":false}},"_dividers":{"_after":{"_graphicTextStyles":{"_mobile":{"_fontColor":"transparent"},"_tablet":{"_fontColor":"transparent"},"_desktop":{"_fontColor":"transparent"}},"_graphicTextRightPadding":0,"_graphicTextLeftPadding":0,"_graphicTextBottomPadding":0,"_graphicTextTopPadding":0,"_graphicTextWidth":100,"_graphicTextLayout":"top","_shouldEnableGraphicText":false,"_graphic":{"_small":{"_shouldRepeat":false,"_height":200},"_large":{"_shouldRepeat":false,"_height":200}},"_isEnabled":false},"_before":{"_graphicTextStyles":{"_mobile":{"_fontColor":"transparent"},"_tablet":{"_fontColor":"transparent"},"_desktop":{"_fontColor":"transparent"}},"_graphicTextRightPadding":0,"_graphicTextLeftPadding":0,"_graphicTextBottomPadding":0,"_graphicTextTopPadding":0,"_graphicTextWidth":100,"_graphicTextLayout":"top","_shouldEnableGraphicText":false,"_graphic":{"_small":{"_shouldRepeat":false,"_height":200},"_large":{"_shouldRepeat":false,"_height":200}},"_isEnabled":false}},"_mobileBackgroundImage":{"_repeat":false,"_position":"center","_size":"initial"},"_backgroundImage":{"_repeat":false,"_position":"center","_size":"initial"},"_hasScrollActionButton":false,"_classes":"article-style-2","title":"New Article Title","_evolveTags":[],"_updatedAt":"2019-07-31T10:00:53.575Z","_createdAt":"2019-07-31T10:00:53.575Z","_type":"article","_isVisible":true,"_courseOrder":"4-3","_childrenIds":["5d4166d5cc85e20d39f9b7c2"]},{"_id":"5d4166d5cc85e20d39f9b7a6","_courseId":"5d4166d4cc85e20d39f9b73c","_parentId":"5d4166d5cc85e20d39f9b7a5","_sortOrder":0,"__v":0,"_refId":"5c62985d47d95560efada42f","displayTitle":"Uploading your video with an Android Device","body":"<p>You have used your Mobile Device to record and Edit your video. In this section, you will learn how to upload your video to your Panopto account.</p>","_search":{"_searchTagIds":[]},"_progress":{"_isEnabled":true},"_contentLocking":{"_lockedApperance":"default","_requiredAmount":0,"_requiredCompleteIds":[],"_lockIcon":"lock","_lockedText":"This article is locked","_shouldDisableNotifyOnUnlock":false,"_lockingType":"component","_isEnabled":false},"_bookShelf":{"_isShelved":false,"_isEnabled":false},"_animations":{"_easing":"default","_scaleIn":{"_from":50,"_isEnabled":false},"_fadeIn":{"_from":0,"_isEnabled":false},"_slideInY":{"_from":50,"_isReverseDirection":false,"_isEnabled":false},"_slideInX":{"_from":50,"_isReverseDirection":false,"_isEnabled":false}},"_dividers":{"_after":{"_graphicTextStyles":{"_mobile":{"_fontColor":"transparent"},"_tablet":{"_fontColor":"transparent"},"_desktop":{"_fontColor":"transparent"}},"_graphicTextRightPadding":0,"_graphicTextLeftPadding":0,"_graphicTextBottomPadding":0,"_graphicTextTopPadding":0,"_graphicTextWidth":100,"_graphicTextLayout":"top","_shouldEnableGraphicText":false,"_graphic":{"_small":{"_shouldRepeat":false,"_height":200},"_large":{"_shouldRepeat":false,"_height":200}},"_isEnabled":false},"_before":{"_graphicTextStyles":{"_mobile":{"_fontColor":"transparent"},"_tablet":{"_fontColor":"transparent"},"_desktop":{"_fontColor":"transparent"}},"_graphicTextRightPadding":0,"_graphicTextLeftPadding":0,"_graphicTextBottomPadding":0,"_graphicTextTopPadding":0,"_graphicTextWidth":100,"_graphicTextLayout":"top","_shouldEnableGraphicText":false,"_graphic":{"_small":{"_shouldRepeat":false,"_height":200},"_large":{"_shouldRepeat":false,"_height":200}},"_isEnabled":false}},"_mobileBackgroundImage":{"_repeat":false,"_position":"center","_size":"initial"},"_backgroundImage":{"_repeat":false,"_position":"center","_size":"initial"},"_hasScrollActionButton":false,"_classes":"article-style-3","title":"Uploading a video using a Mobile Device","_evolveTags":[],"_updatedAt":"2019-07-31T10:00:53.341Z","_createdAt":"2019-07-31T10:00:53.341Z","_type":"article","_isVisible":true,"_courseOrder":"5-0","_childrenIds":["5d4166d5cc85e20d39f9b7a9","5d4166d5cc85e20d39f9b7a7"]},{"_id":"5d4166d5cc85e20d39f9b7ab","_sortOrder":1,"_parentId":"5d4166d5cc85e20d39f9b7a5","_courseId":"5d4166d4cc85e20d39f9b73c","__v":0,"_refId":"5c629a4247d95560efada439","_search":{"_searchTagIds":[]},"_progress":{"_isEnabled":true},"_contentLocking":{"_lockedApperance":"default","_requiredAmount":0,"_requiredCompleteIds":[],"_lockIcon":"lock","_lockedText":"This article is locked","_shouldDisableNotifyOnUnlock":false,"_lockingType":"component","_isEnabled":false},"_bookShelf":{"_isShelved":false,"_isEnabled":false},"_animations":{"_easing":"default","_scaleIn":{"_from":50,"_isEnabled":false},"_fadeIn":{"_from":0,"_isEnabled":false},"_slideInY":{"_from":50,"_isReverseDirection":false,"_isEnabled":false},"_slideInX":{"_from":50,"_isReverseDirection":false,"_isEnabled":false}},"_dividers":{"_after":{"_graphicTextStyles":{"_mobile":{"_fontColor":"transparent"},"_tablet":{"_fontColor":"transparent"},"_desktop":{"_fontColor":"transparent"}},"_graphicTextRightPadding":0,"_graphicTextLeftPadding":0,"_graphicTextBottomPadding":0,"_graphicTextTopPadding":0,"_graphicTextWidth":100,"_graphicTextLayout":"top","_shouldEnableGraphicText":false,"_graphic":{"_small":{"_shouldRepeat":false,"_height":200},"_large":{"_shouldRepeat":false,"_height":200}},"_isEnabled":false},"_before":{"_graphicTextStyles":{"_mobile":{"_fontColor":"transparent"},"_tablet":{"_fontColor":"transparent"},"_desktop":{"_fontColor":"transparent"}},"_graphicTextRightPadding":0,"_graphicTextLeftPadding":0,"_graphicTextBottomPadding":0,"_graphicTextTopPadding":0,"_graphicTextWidth":100,"_graphicTextLayout":"top","_shouldEnableGraphicText":false,"_graphic":{"_small":{"_shouldRepeat":false,"_height":200},"_large":{"_shouldRepeat":false,"_height":200}},"_isEnabled":false}},"_mobileBackgroundImage":{"_repeat":false,"_position":"center","_size":"initial"},"_backgroundImage":{"_repeat":false,"_position":"center","_size":"initial"},"_hasScrollActionButton":false,"_classes":"article-style-1","title":"uploading android app ","_evolveTags":[],"_updatedAt":"2019-07-31T10:00:53.381Z","_createdAt":"2019-07-31T10:00:53.381Z","_type":"article","_isVisible":true,"_courseOrder":"5-1","_childrenIds":["5d4166d5cc85e20d39f9b7ac"]},{"_id":"5d4166d5cc85e20d39f9b7b0","_sortOrder":2,"_parentId":"5d4166d5cc85e20d39f9b7a5","_courseId":"5d4166d4cc85e20d39f9b73c","__v":0,"_refId":"5c98f7ca2b507a2249727a3f","_search":{"_searchTagIds":[]},"_progress":{"_isEnabled":true},"_contentLocking":{"_lockedApperance":"default","_requiredAmount":0,"_requiredCompleteIds":[],"_lockIcon":"lock","_lockedText":"This article is locked","_shouldDisableNotifyOnUnlock":false,"_lockingType":"component","_isEnabled":false},"_bookShelf":{"_isShelved":false,"_isEnabled":false},"_animations":{"_easing":"default","_scaleIn":{"_from":50,"_isEnabled":false},"_fadeIn":{"_from":0,"_isEnabled":false},"_slideInY":{"_from":50,"_isReverseDirection":false,"_isEnabled":false},"_slideInX":{"_from":50,"_isReverseDirection":false,"_isEnabled":false}},"_dividers":{"_after":{"_graphicTextStyles":{"_mobile":{"_fontColor":"transparent"},"_tablet":{"_fontColor":"transparent"},"_desktop":{"_fontColor":"transparent"}},"_graphicTextRightPadding":0,"_graphicTextLeftPadding":0,"_graphicTextBottomPadding":0,"_graphicTextTopPadding":0,"_graphicTextWidth":100,"_graphicTextLayout":"top","_shouldEnableGraphicText":false,"_graphic":{"_small":{"_shouldRepeat":false,"_height":200},"_large":{"_shouldRepeat":false,"_height":200}},"_isEnabled":false},"_before":{"_graphicTextStyles":{"_mobile":{"_fontColor":"transparent"},"_tablet":{"_fontColor":"transparent"},"_desktop":{"_fontColor":"transparent"}},"_graphicTextRightPadding":0,"_graphicTextLeftPadding":0,"_graphicTextBottomPadding":0,"_graphicTextTopPadding":0,"_graphicTextWidth":100,"_graphicTextLayout":"top","_shouldEnableGraphicText":false,"_graphic":{"_small":{"_shouldRepeat":false,"_height":200},"_large":{"_shouldRepeat":false,"_height":200}},"_isEnabled":false}},"_mobileBackgroundImage":{"_repeat":false,"_position":"center","_size":"initial"},"_backgroundImage":{"_repeat":false,"_position":"center","_size":"initial"},"_hasScrollActionButton":false,"_classes":"article-style-6","title":"New Article Title","_evolveTags":[],"_updatedAt":"2019-07-31T10:00:53.422Z","_createdAt":"2019-07-31T10:00:53.422Z","_type":"article","_isVisible":true,"_courseOrder":"5-2","_childrenIds":["5d4166d5cc85e20d39f9b7b1"]},{"_id":"5d4166d5cc85e20d39f9b7c5","_courseId":"5d4166d4cc85e20d39f9b73c","_parentId":"5d4166d5cc85e20d39f9b7c4","_sortOrder":0,"__v":0,"_refId":"5c9a04a1cce4e45028b87e0a","displayTitle":"<h2>Uploading your video with an iOs Device</h2>","body":"<p>You have used your Mobile Device to record and Edit your video. In this section, you will learn how to upload your video to your Panopto account.</p><p><br></p>","_search":{"_searchTagIds":[]},"_progress":{"_isEnabled":true},"_contentLocking":{"_lockedApperance":"default","_requiredAmount":0,"_requiredCompleteIds":[],"_lockIcon":"lock","_lockedText":"This article is locked","_shouldDisableNotifyOnUnlock":false,"_lockingType":"component","_isEnabled":false},"_bookShelf":{"_isShelved":false,"_isEnabled":false},"_animations":{"_easing":"default","_scaleIn":{"_from":50,"_isEnabled":false},"_fadeIn":{"_from":0,"_isEnabled":false},"_slideInY":{"_from":50,"_isReverseDirection":false,"_isEnabled":false},"_slideInX":{"_from":50,"_isReverseDirection":false,"_isEnabled":false}},"_dividers":{"_after":{"_graphicTextStyles":{"_mobile":{"_fontColor":"transparent"},"_tablet":{"_fontColor":"transparent"},"_desktop":{"_fontColor":"transparent"}},"_graphicTextRightPadding":0,"_graphicTextLeftPadding":0,"_graphicTextBottomPadding":0,"_graphicTextTopPadding":0,"_graphicTextWidth":100,"_graphicTextLayout":"top","_shouldEnableGraphicText":false,"_graphic":{"_small":{"_shouldRepeat":false,"_height":200},"_large":{"_shouldRepeat":false,"_height":200}},"_isEnabled":false},"_before":{"_graphicTextStyles":{"_mobile":{"_fontColor":"transparent"},"_tablet":{"_fontColor":"transparent"},"_desktop":{"_fontColor":"transparent"}},"_graphicTextRightPadding":0,"_graphicTextLeftPadding":0,"_graphicTextBottomPadding":0,"_graphicTextTopPadding":0,"_graphicTextWidth":100,"_graphicTextLayout":"top","_shouldEnableGraphicText":false,"_graphic":{"_small":{"_shouldRepeat":false,"_height":200},"_large":{"_shouldRepeat":false,"_height":200}},"_isEnabled":false}},"_mobileBackgroundImage":{"_repeat":false,"_position":"center","_size":"initial"},"_backgroundImage":{"_repeat":false,"_position":"center","_size":"initial"},"_hasScrollActionButton":false,"_classes":"article-style-3","title":"Uploading","_evolveTags":[],"_updatedAt":"2019-07-31T10:00:53.633Z","_createdAt":"2019-07-31T10:00:53.633Z","_type":"article","_isVisible":true,"_courseOrder":"6-0","_childrenIds":["5d4166d5cc85e20d39f9b7c7"]},{"_id":"5d4166d5cc85e20d39f9b7cf","_sortOrder":1,"_parentId":"5d4166d5cc85e20d39f9b7c4","_courseId":"5d4166d4cc85e20d39f9b73c","__v":0,"_refId":"5c9a3f6bcce4e45028b87f11","_search":{"_searchTagIds":[]},"_progress":{"_isEnabled":true},"_contentLocking":{"_lockedApperance":"default","_requiredAmount":0,"_requiredCompleteIds":[],"_lockIcon":"lock","_lockedText":"This article is locked","_shouldDisableNotifyOnUnlock":false,"_lockingType":"component","_isEnabled":false},"_bookShelf":{"_isShelved":false,"_isEnabled":false},"_animations":{"_easing":"default","_scaleIn":{"_from":50,"_isEnabled":false},"_fadeIn":{"_from":0,"_isEnabled":false},"_slideInY":{"_from":50,"_isReverseDirection":false,"_isEnabled":false},"_slideInX":{"_from":50,"_isReverseDirection":false,"_isEnabled":false}},"_dividers":{"_after":{"_graphicTextStyles":{"_mobile":{"_fontColor":"transparent"},"_tablet":{"_fontColor":"transparent"},"_desktop":{"_fontColor":"transparent"}},"_graphicTextRightPadding":0,"_graphicTextLeftPadding":0,"_graphicTextBottomPadding":0,"_graphicTextTopPadding":0,"_graphicTextWidth":100,"_graphicTextLayout":"top","_shouldEnableGraphicText":false,"_graphic":{"_small":{"_shouldRepeat":false,"_height":200},"_large":{"_shouldRepeat":false,"_height":200}},"_isEnabled":false},"_before":{"_graphicTextStyles":{"_mobile":{"_fontColor":"transparent"},"_tablet":{"_fontColor":"transparent"},"_desktop":{"_fontColor":"transparent"}},"_graphicTextRightPadding":0,"_graphicTextLeftPadding":0,"_graphicTextBottomPadding":0,"_graphicTextTopPadding":0,"_graphicTextWidth":100,"_graphicTextLayout":"top","_shouldEnableGraphicText":false,"_graphic":{"_small":{"_shouldRepeat":false,"_height":200},"_large":{"_shouldRepeat":false,"_height":200}},"_isEnabled":false}},"_mobileBackgroundImage":{"_repeat":false,"_position":"center","_size":"initial"},"_backgroundImage":{"_repeat":false,"_position":"center","_size":"initial"},"_hasScrollActionButton":false,"_classes":"article-style-1","title":"New Article Title","_evolveTags":[],"_updatedAt":"2019-07-31T10:00:53.752Z","_createdAt":"2019-07-31T10:00:53.752Z","_type":"article","_isVisible":true,"_courseOrder":"6-1","_childrenIds":["5d4166d5cc85e20d39f9b7d2","5d4166d5cc85e20d39f9b7d0"]},{"_id":"5d4166d5cc85e20d39f9b7c9","_sortOrder":2,"_parentId":"5d4166d5cc85e20d39f9b7c4","_courseId":"5d4166d4cc85e20d39f9b73c","__v":0,"_refId":"5c9a06b3cce4e45028b87e17","displayTitle":"<h3>Uploading your video to your Panopto account</h3>","_search":{"_searchTagIds":[]},"_progress":{"_isEnabled":true},"_contentLocking":{"_lockedApperance":"default","_requiredAmount":0,"_requiredCompleteIds":[],"_lockIcon":"lock","_lockedText":"This article is locked","_shouldDisableNotifyOnUnlock":false,"_lockingType":"component","_isEnabled":false},"_bookShelf":{"_isShelved":false,"_isEnabled":false},"_animations":{"_easing":"default","_scaleIn":{"_from":50,"_isEnabled":false},"_fadeIn":{"_from":0,"_isEnabled":false},"_slideInY":{"_from":50,"_isReverseDirection":false,"_isEnabled":false},"_slideInX":{"_from":50,"_isReverseDirection":false,"_isEnabled":false}},"_dividers":{"_after":{"_graphicTextStyles":{"_mobile":{"_fontColor":"transparent"},"_tablet":{"_fontColor":"transparent"},"_desktop":{"_fontColor":"transparent"}},"_graphicTextRightPadding":0,"_graphicTextLeftPadding":0,"_graphicTextBottomPadding":0,"_graphicTextTopPadding":0,"_graphicTextWidth":100,"_graphicTextLayout":"top","_shouldEnableGraphicText":false,"_graphic":{"_small":{"_shouldRepeat":false,"_height":200},"_large":{"_shouldRepeat":false,"_height":200}},"_isEnabled":false},"_before":{"_graphicTextStyles":{"_mobile":{"_fontColor":"transparent"},"_tablet":{"_fontColor":"transparent"},"_desktop":{"_fontColor":"transparent"}},"_graphicTextRightPadding":0,"_graphicTextLeftPadding":0,"_graphicTextBottomPadding":0,"_graphicTextTopPadding":0,"_graphicTextWidth":100,"_graphicTextLayout":"top","_shouldEnableGraphicText":false,"_graphic":{"_small":{"_shouldRepeat":false,"_height":200},"_large":{"_shouldRepeat":false,"_height":200}},"_isEnabled":false}},"_mobileBackgroundImage":{"_repeat":false,"_position":"center","_size":"initial"},"_backgroundImage":{"_repeat":false,"_position":"center","_size":"initial"},"_hasScrollActionButton":false,"_classes":"article-style-6","title":"New Article Title","_evolveTags":[],"_updatedAt":"2019-07-31T10:00:53.675Z","_createdAt":"2019-07-31T10:00:53.675Z","_type":"article","_isVisible":true,"_courseOrder":"6-2","_childrenIds":["5d4166d5cc85e20d39f9b7ca"]},{"_id":"5d4166d5cc85e20d39f9b7cc","_sortOrder":3,"_parentId":"5d4166d5cc85e20d39f9b7c4","_courseId":"5d4166d4cc85e20d39f9b73c","__v":0,"_refId":"5c9a0d90cce4e45028b87e24","_search":{"_searchTagIds":[]},"_progress":{"_isEnabled":true},"_contentLocking":{"_lockedApperance":"default","_requiredAmount":0,"_requiredCompleteIds":[],"_lockIcon":"lock","_lockedText":"This article is locked","_shouldDisableNotifyOnUnlock":false,"_lockingType":"component","_isEnabled":false},"_bookShelf":{"_isShelved":false,"_isEnabled":false},"_animations":{"_easing":"default","_scaleIn":{"_from":50,"_isEnabled":false},"_fadeIn":{"_from":0,"_isEnabled":false},"_slideInY":{"_from":50,"_isReverseDirection":false,"_isEnabled":false},"_slideInX":{"_from":50,"_isReverseDirection":false,"_isEnabled":false}},"_dividers":{"_after":{"_graphicTextStyles":{"_mobile":{"_fontColor":"transparent"},"_tablet":{"_fontColor":"transparent"},"_desktop":{"_fontColor":"transparent"}},"_graphicTextRightPadding":0,"_graphicTextLeftPadding":0,"_graphicTextBottomPadding":0,"_graphicTextTopPadding":0,"_graphicTextWidth":100,"_graphicTextLayout":"top","_shouldEnableGraphicText":false,"_graphic":{"_small":{"_shouldRepeat":false,"_height":200},"_large":{"_shouldRepeat":false,"_height":200}},"_isEnabled":false},"_before":{"_graphicTextStyles":{"_mobile":{"_fontColor":"transparent"},"_tablet":{"_fontColor":"transparent"},"_desktop":{"_fontColor":"transparent"}},"_graphicTextRightPadding":0,"_graphicTextLeftPadding":0,"_graphicTextBottomPadding":0,"_graphicTextTopPadding":0,"_graphicTextWidth":100,"_graphicTextLayout":"top","_shouldEnableGraphicText":false,"_graphic":{"_small":{"_shouldRepeat":false,"_height":200},"_large":{"_shouldRepeat":false,"_height":200}},"_isEnabled":false}},"_mobileBackgroundImage":{"_repeat":false,"_position":"center","_size":"initial"},"_backgroundImage":{"_repeat":false,"_position":"center","_size":"initial"},"_hasScrollActionButton":false,"_classes":"article-style-1","title":"New Article Title","_evolveTags":[],"_updatedAt":"2019-07-31T10:00:53.719Z","_createdAt":"2019-07-31T10:00:53.719Z","_type":"article","_isVisible":true,"_courseOrder":"6-3","_childrenIds":["5d4166d5cc85e20d39f9b7cd"]},{"_id":"5d4166d5cc85e20d39f9b7df","_courseId":"5d4166d4cc85e20d39f9b73c","_parentId":"5d4166d5cc85e20d39f9b7de","_sortOrder":0,"__v":0,"_refId":"5c8120e6e6147525a4e4965b","_search":{"_searchTagIds":[]},"_progress":{"_isEnabled":true},"_contentLocking":{"_lockedApperance":"default","_requiredAmount":0,"_requiredCompleteIds":[],"_lockIcon":"lock","_lockedText":"This article is locked","_shouldDisableNotifyOnUnlock":false,"_lockingType":"component","_isEnabled":false},"_bookShelf":{"_isShelved":false,"_isEnabled":false},"_animations":{"_easing":"default","_scaleIn":{"_from":50,"_isEnabled":false},"_fadeIn":{"_from":0,"_isEnabled":false},"_slideInY":{"_from":50,"_isReverseDirection":false,"_isEnabled":false},"_slideInX":{"_from":50,"_isReverseDirection":false,"_isEnabled":false}},"_dividers":{"_after":{"_graphicTextStyles":{"_mobile":{"_fontColor":"transparent"},"_tablet":{"_fontColor":"transparent"},"_desktop":{"_fontColor":"transparent"}},"_graphicTextRightPadding":0,"_graphicTextLeftPadding":0,"_graphicTextBottomPadding":0,"_graphicTextTopPadding":0,"_graphicTextWidth":100,"_graphicTextLayout":"top","_shouldEnableGraphicText":false,"_graphic":{"_small":{"_shouldRepeat":false,"_height":200},"_large":{"_shouldRepeat":false,"_height":200}},"_isEnabled":false},"_before":{"_graphicTextStyles":{"_mobile":{"_fontColor":"transparent"},"_tablet":{"_fontColor":"transparent"},"_desktop":{"_fontColor":"transparent"}},"_graphicTextRightPadding":0,"_graphicTextLeftPadding":0,"_graphicTextBottomPadding":0,"_graphicTextTopPadding":0,"_graphicTextWidth":100,"_graphicTextLayout":"top","_shouldEnableGraphicText":false,"_graphic":{"_small":{"_shouldRepeat":false,"_height":200},"_large":{"_shouldRepeat":false,"_height":200}},"_isEnabled":false}},"_mobileBackgroundImage":{"_repeat":false,"_position":"center","_size":"initial"},"_backgroundImage":{"_repeat":false,"_position":"center","_size":"initial"},"_hasScrollActionButton":false,"_classes":"article-style-3","title":"New Article Title","_evolveTags":[],"_updatedAt":"2019-07-31T10:00:53.922Z","_createdAt":"2019-07-31T10:00:53.922Z","_type":"article","_isVisible":true,"_courseOrder":"7-0","_childrenIds":["5d4166d5cc85e20d39f9b7e0","5d4166d5cc85e20d39f9b7e2"]},{"_id":"5d4166d5cc85e20d39f9b7e4","_sortOrder":1,"_parentId":"5d4166d5cc85e20d39f9b7de","_courseId":"5d4166d4cc85e20d39f9b73c","__v":0,"_refId":"5c81262ae6147525a4e49671","displayTitle":"Submitting your video to a Blackboard assignment","body":"","_search":{"_searchTagIds":[]},"_progress":{"_isEnabled":true},"_contentLocking":{"_lockedApperance":"default","_requiredAmount":0,"_requiredCompleteIds":[],"_lockIcon":"lock","_lockedText":"This article is locked","_shouldDisableNotifyOnUnlock":false,"_lockingType":"component","_isEnabled":false},"_bookShelf":{"_isShelved":false,"_isEnabled":false},"_animations":{"_easing":"default","_scaleIn":{"_from":50,"_isEnabled":false},"_fadeIn":{"_from":0,"_isEnabled":false},"_slideInY":{"_from":50,"_isReverseDirection":false,"_isEnabled":false},"_slideInX":{"_from":50,"_isReverseDirection":false,"_isEnabled":false}},"_dividers":{"_after":{"_graphicTextStyles":{"_mobile":{"_fontColor":"transparent"},"_tablet":{"_fontColor":"transparent"},"_desktop":{"_fontColor":"transparent"}},"_graphicTextRightPadding":0,"_graphicTextLeftPadding":0,"_graphicTextBottomPadding":0,"_graphicTextTopPadding":0,"_graphicTextWidth":100,"_graphicTextLayout":"top","_shouldEnableGraphicText":false,"_graphic":{"_small":{"_shouldRepeat":false,"_height":200},"_large":{"_shouldRepeat":false,"_height":200}},"_isEnabled":false},"_before":{"_graphicTextStyles":{"_mobile":{"_fontColor":"transparent"},"_tablet":{"_fontColor":"transparent"},"_desktop":{"_fontColor":"transparent"}},"_graphicTextRightPadding":0,"_graphicTextLeftPadding":0,"_graphicTextBottomPadding":0,"_graphicTextTopPadding":0,"_graphicTextWidth":100,"_graphicTextLayout":"top","_shouldEnableGraphicText":false,"_graphic":{"_small":{"_shouldRepeat":false,"_height":200},"_large":{"_shouldRepeat":false,"_height":200}},"_isEnabled":false}},"_mobileBackgroundImage":{"_repeat":false,"_position":"center","_size":"initial"},"_backgroundImage":{"_repeat":false,"_position":"center","_size":"initial"},"_hasScrollActionButton":false,"_classes":"article-style-2","title":"submitting","_evolveTags":[],"_updatedAt":"2019-07-31T10:00:53.959Z","_createdAt":"2019-07-31T10:00:53.959Z","_type":"article","_isVisible":true,"_courseOrder":"7-1","_childrenIds":["5d4166d5cc85e20d39f9b7e5"]},{"_id":"5d4166d5cc85e20d39f9b7e8","_sortOrder":2,"_parentId":"5d4166d5cc85e20d39f9b7de","_courseId":"5d4166d4cc85e20d39f9b73c","__v":0,"_refId":"5c98f8042b507a2249727a44","_search":{"_searchTagIds":[]},"_progress":{"_isEnabled":true},"_contentLocking":{"_lockedApperance":"default","_requiredAmount":0,"_requiredCompleteIds":[],"_lockIcon":"lock","_lockedText":"This article is locked","_shouldDisableNotifyOnUnlock":false,"_lockingType":"component","_isEnabled":false},"_bookShelf":{"_isShelved":false,"_isEnabled":false},"_animations":{"_easing":"default","_scaleIn":{"_from":50,"_isEnabled":false},"_fadeIn":{"_from":0,"_isEnabled":false},"_slideInY":{"_from":50,"_isReverseDirection":false,"_isEnabled":false},"_slideInX":{"_from":50,"_isReverseDirection":false,"_isEnabled":false}},"_dividers":{"_after":{"_graphicTextStyles":{"_mobile":{"_fontColor":"transparent"},"_tablet":{"_fontColor":"transparent"},"_desktop":{"_fontColor":"transparent"}},"_graphicTextRightPadding":0,"_graphicTextLeftPadding":0,"_graphicTextBottomPadding":0,"_graphicTextTopPadding":0,"_graphicTextWidth":100,"_graphicTextLayout":"top","_shouldEnableGraphicText":false,"_graphic":{"_small":{"_shouldRepeat":false,"_height":200},"_large":{"_shouldRepeat":false,"_height":200}},"_isEnabled":false},"_before":{"_graphicTextStyles":{"_mobile":{"_fontColor":"transparent"},"_tablet":{"_fontColor":"transparent"},"_desktop":{"_fontColor":"transparent"}},"_graphicTextRightPadding":0,"_graphicTextLeftPadding":0,"_graphicTextBottomPadding":0,"_graphicTextTopPadding":0,"_graphicTextWidth":100,"_graphicTextLayout":"top","_shouldEnableGraphicText":false,"_graphic":{"_small":{"_shouldRepeat":false,"_height":200},"_large":{"_shouldRepeat":false,"_height":200}},"_isEnabled":false}},"_mobileBackgroundImage":{"_repeat":false,"_position":"center","_size":"initial"},"_backgroundImage":{"_repeat":false,"_position":"center","_size":"initial"},"_hasScrollActionButton":false,"_classes":"article-style-6","title":"New Article Title","_evolveTags":[],"_updatedAt":"2019-07-31T10:00:53.992Z","_createdAt":"2019-07-31T10:00:53.992Z","_type":"article","_isVisible":true,"_courseOrder":"7-2","_childrenIds":["5d4166d6cc85e20d39f9b7e9"]},{"_id":"5d4166d6cc85e20d39f9b7ec","_courseId":"5d4166d4cc85e20d39f9b73c","_parentId":"5d4166d6cc85e20d39f9b7eb","_sortOrder":0,"__v":0,"_refId":"5c812186e6147525a4e49660","_search":{"_searchTagIds":[]},"_progress":{"_isEnabled":true},"_contentLocking":{"_lockedApperance":"default","_requiredAmount":0,"_requiredCompleteIds":[],"_lockIcon":"lock","_lockedText":"This article is locked","_shouldDisableNotifyOnUnlock":false,"_lockingType":"component","_isEnabled":false},"_bookShelf":{"_isShelved":false,"_isEnabled":false},"_animations":{"_easing":"default","_scaleIn":{"_from":50,"_isEnabled":false},"_fadeIn":{"_from":0,"_isEnabled":false},"_slideInY":{"_from":50,"_isReverseDirection":false,"_isEnabled":false},"_slideInX":{"_from":50,"_isReverseDirection":false,"_isEnabled":false}},"_dividers":{"_after":{"_graphicTextStyles":{"_mobile":{"_fontColor":"transparent"},"_tablet":{"_fontColor":"transparent"},"_desktop":{"_fontColor":"transparent"}},"_graphicTextRightPadding":0,"_graphicTextLeftPadding":0,"_graphicTextBottomPadding":0,"_graphicTextTopPadding":0,"_graphicTextWidth":100,"_graphicTextLayout":"top","_shouldEnableGraphicText":false,"_graphic":{"_small":{"_shouldRepeat":false,"_height":200},"_large":{"_shouldRepeat":false,"_height":200}},"_isEnabled":false},"_before":{"_graphicTextStyles":{"_mobile":{"_fontColor":"transparent"},"_tablet":{"_fontColor":"transparent"},"_desktop":{"_fontColor":"transparent"}},"_graphicTextRightPadding":0,"_graphicTextLeftPadding":0,"_graphicTextBottomPadding":0,"_graphicTextTopPadding":0,"_graphicTextWidth":100,"_graphicTextLayout":"top","_shouldEnableGraphicText":false,"_graphic":{"_small":{"_shouldRepeat":false,"_height":200},"_large":{"_shouldRepeat":false,"_height":200}},"_isEnabled":false}},"_mobileBackgroundImage":{"_repeat":false,"_position":"center","_size":"initial"},"_backgroundImage":{"_repeat":false,"_position":"center","_size":"initial"},"_hasScrollActionButton":false,"_classes":"article-style-5","title":"New Article Title","_evolveTags":[],"_updatedAt":"2019-07-31T10:00:54.024Z","_createdAt":"2019-07-31T10:00:54.024Z","_type":"article","_isVisible":true,"_courseOrder":"8-0","_childrenIds":["5d4166d6cc85e20d39f9b7ed"]},{"_id":"5d4166d6cc85e20d39f9b7ef","_sortOrder":1,"_parentId":"5d4166d6cc85e20d39f9b7eb","_courseId":"5d4166d4cc85e20d39f9b73c","__v":0,"_refId":"5c8136ade6147525a4e49690","_search":{"_searchTagIds":[]},"_progress":{"_isEnabled":true},"_contentLocking":{"_lockedApperance":"default","_requiredAmount":0,"_requiredCompleteIds":[],"_lockIcon":"lock","_lockedText":"This article is locked","_shouldDisableNotifyOnUnlock":false,"_lockingType":"component","_isEnabled":false},"_bookShelf":{"_isShelved":false,"_isEnabled":false},"_animations":{"_easing":"default","_scaleIn":{"_from":50,"_isEnabled":false},"_fadeIn":{"_from":0,"_isEnabled":false},"_slideInY":{"_from":50,"_isReverseDirection":false,"_isEnabled":false},"_slideInX":{"_from":50,"_isReverseDirection":false,"_isEnabled":false}},"_dividers":{"_after":{"_graphicTextStyles":{"_mobile":{"_fontColor":"transparent"},"_tablet":{"_fontColor":"transparent"},"_desktop":{"_fontColor":"transparent"}},"_graphicTextRightPadding":0,"_graphicTextLeftPadding":0,"_graphicTextBottomPadding":0,"_graphicTextTopPadding":0,"_graphicTextWidth":100,"_graphicTextLayout":"top","_shouldEnableGraphicText":false,"_graphic":{"_small":{"_shouldRepeat":false,"_height":200},"_large":{"_shouldRepeat":false,"_height":200}},"_isEnabled":false},"_before":{"_graphicTextStyles":{"_mobile":{"_fontColor":"transparent"},"_tablet":{"_fontColor":"transparent"},"_desktop":{"_fontColor":"transparent"}},"_graphicTextRightPadding":0,"_graphicTextLeftPadding":0,"_graphicTextBottomPadding":0,"_graphicTextTopPadding":0,"_graphicTextWidth":100,"_graphicTextLayout":"top","_shouldEnableGraphicText":false,"_graphic":{"_small":{"_shouldRepeat":false,"_height":200},"_large":{"_shouldRepeat":false,"_height":200}},"_isEnabled":false}},"_mobileBackgroundImage":{"_repeat":false,"_position":"center","_size":"initial"},"_backgroundImage":{"_repeat":false,"_position":"center","_size":"initial"},"_hasScrollActionButton":false,"_classes":"article-style-6","title":"New Article Title","_evolveTags":[],"_updatedAt":"2019-07-31T10:00:54.042Z","_createdAt":"2019-07-31T10:00:54.042Z","_type":"article","_isVisible":true,"_courseOrder":"8-1","_childrenIds":["5d4166d6cc85e20d39f9b7f0"]},{"_id":"5d4166d4cc85e20d39f9b76c","_sortOrder":0,"_parentId":"5d4166d4cc85e20d39f9b75e","_courseId":"5d4166d4cc85e20d39f9b73c","__v":0,"_refId":"5c81396ee6147525a4e496a7","_search":{"_searchTagIds":[]},"_progress":{"_isEnabled":true},"_contentLocking":{"_lockedApperance":"default","_requiredAmount":0,"_requiredCompleteIds":[],"_lockIcon":"lock","_lockedText":"This article is locked","_shouldDisableNotifyOnUnlock":false,"_lockingType":"component","_isEnabled":false},"_bookShelf":{"_isShelved":false,"_isEnabled":false},"_animations":{"_easing":"default","_scaleIn":{"_from":50,"_isEnabled":false},"_fadeIn":{"_from":0,"_isEnabled":false},"_slideInY":{"_from":50,"_isReverseDirection":false,"_isEnabled":false},"_slideInX":{"_from":50,"_isReverseDirection":false,"_isEnabled":false}},"_dividers":{"_after":{"_graphicTextStyles":{"_mobile":{"_fontColor":"transparent"},"_tablet":{"_fontColor":"transparent"},"_desktop":{"_fontColor":"transparent"}},"_graphicTextRightPadding":0,"_graphicTextLeftPadding":0,"_graphicTextBottomPadding":0,"_graphicTextTopPadding":0,"_graphicTextWidth":100,"_graphicTextLayout":"top","_shouldEnableGraphicText":false,"_graphic":{"_small":{"_shouldRepeat":false,"_height":200},"_large":{"_shouldRepeat":false,"_height":200}},"_isEnabled":false},"_before":{"_graphicTextStyles":{"_mobile":{"_fontColor":"transparent"},"_tablet":{"_fontColor":"transparent"},"_desktop":{"_fontColor":"transparent"}},"_graphicTextRightPadding":0,"_graphicTextLeftPadding":0,"_graphicTextBottomPadding":0,"_graphicTextTopPadding":0,"_graphicTextWidth":100,"_graphicTextLayout":"top","_shouldEnableGraphicText":false,"_graphic":{"_small":{"_shouldRepeat":false,"_height":200},"_large":{"_shouldRepeat":false,"_height":200}},"_isEnabled":false}},"_mobileBackgroundImage":{"_repeat":false,"_position":"center","_size":"initial"},"_backgroundImage":{"_repeat":false,"_position":"center","_size":"initial"},"_hasScrollActionButton":false,"_classes":"article-style-5","title":"New Article Title","_evolveTags":[],"_updatedAt":"2019-07-31T10:00:52.828Z","_createdAt":"2019-07-31T10:00:52.828Z","_type":"article","_isVisible":true,"_courseOrder":"10-0","_childrenIds":["5d4166d4cc85e20d39f9b76d"]},{"_id":"5d4166d4cc85e20d39f9b75f","_courseId":"5d4166d4cc85e20d39f9b73c","_parentId":"5d4166d4cc85e20d39f9b75e","_sortOrder":1,"__v":0,"_refId":"5c616662f6b4af27956ef272","displayTitle":"Installing the Panopto app","_search":{"_searchTagIds":[]},"_progress":{"_isEnabled":true},"_contentLocking":{"_lockedApperance":"default","_requiredAmount":0,"_requiredCompleteIds":[],"_lockIcon":"lock","_lockedText":"This article is locked","_shouldDisableNotifyOnUnlock":false,"_lockingType":"component","_isEnabled":false},"_bookShelf":{"_isShelved":false,"_isEnabled":false},"_animations":{"_easing":"default","_scaleIn":{"_from":50,"_isEnabled":false},"_fadeIn":{"_from":0,"_isEnabled":false},"_slideInY":{"_from":50,"_isReverseDirection":false,"_isEnabled":false},"_slideInX":{"_from":50,"_isReverseDirection":false,"_isEnabled":false}},"_dividers":{"_after":{"_graphicTextStyles":{"_mobile":{"_fontColor":"transparent"},"_tablet":{"_fontColor":"transparent"},"_desktop":{"_fontColor":"transparent"}},"_graphicTextRightPadding":0,"_graphicTextLeftPadding":0,"_graphicTextBottomPadding":0,"_graphicTextTopPadding":0,"_graphicTextWidth":100,"_graphicTextLayout":"top","_shouldEnableGraphicText":false,"_graphic":{"_small":{"_shouldRepeat":false,"_height":200},"_large":{"_shouldRepeat":false,"_height":200}},"_isEnabled":false},"_before":{"_graphicTextStyles":{"_mobile":{"_fontColor":"transparent"},"_tablet":{"_fontColor":"transparent"},"_desktop":{"_fontColor":"transparent"}},"_graphicTextRightPadding":0,"_graphicTextLeftPadding":0,"_graphicTextBottomPadding":0,"_graphicTextTopPadding":0,"_graphicTextWidth":100,"_graphicTextLayout":"top","_shouldEnableGraphicText":false,"_graphic":{"_small":{"_shouldRepeat":false,"_height":200},"_large":{"_shouldRepeat":false,"_height":200}},"_isEnabled":false}},"_mobileBackgroundImage":{"_repeat":false,"_position":"center","_size":"initial"},"_backgroundImage":{"_repeat":false,"_position":"center","_size":"initial"},"_hasScrollActionButton":false,"_classes":"article-style-4","title":"Installing the Panopto app","_evolveTags":[],"_updatedAt":"2019-07-31T10:00:52.729Z","_createdAt":"2019-07-31T10:00:52.729Z","_type":"article","_isVisible":true,"_courseOrder":"10-1","_childrenIds":["5d4166d4cc85e20d39f9b760","5d4166d4cc85e20d39f9b763"]},{"_id":"5d4166d4cc85e20d39f9b765","_sortOrder":2,"_parentId":"5d4166d4cc85e20d39f9b75e","_courseId":"5d4166d4cc85e20d39f9b73c","__v":0,"_refId":"5c7ff13856a75e69d7c68416","displayTitle":"Logging in","_search":{"_searchTagIds":[]},"_progress":{"_isEnabled":true},"_contentLocking":{"_lockedApperance":"default","_requiredAmount":0,"_requiredCompleteIds":[],"_lockIcon":"lock","_lockedText":"This article is locked","_shouldDisableNotifyOnUnlock":false,"_lockingType":"component","_isEnabled":false},"_bookShelf":{"_isShelved":false,"_isEnabled":false},"_animations":{"_easing":"default","_scaleIn":{"_from":50,"_isEnabled":false},"_fadeIn":{"_from":0,"_isEnabled":false},"_slideInY":{"_from":50,"_isReverseDirection":false,"_isEnabled":false},"_slideInX":{"_from":50,"_isReverseDirection":false,"_isEnabled":false}},"_dividers":{"_after":{"_graphicTextStyles":{"_mobile":{"_fontColor":"transparent"},"_tablet":{"_fontColor":"transparent"},"_desktop":{"_fontColor":"transparent"}},"_graphicTextRightPadding":0,"_graphicTextLeftPadding":0,"_graphicTextBottomPadding":0,"_graphicTextTopPadding":0,"_graphicTextWidth":100,"_graphicTextLayout":"top","_shouldEnableGraphicText":false,"_graphic":{"_small":{"_shouldRepeat":false,"_height":200},"_large":{"_shouldRepeat":false,"_height":200}},"_isEnabled":false},"_before":{"_graphicTextStyles":{"_mobile":{"_fontColor":"transparent"},"_tablet":{"_fontColor":"transparent"},"_desktop":{"_fontColor":"transparent"}},"_graphicTextRightPadding":0,"_graphicTextLeftPadding":0,"_graphicTextBottomPadding":0,"_graphicTextTopPadding":0,"_graphicTextWidth":100,"_graphicTextLayout":"top","_shouldEnableGraphicText":false,"_graphic":{"_small":{"_shouldRepeat":false,"_height":200},"_large":{"_shouldRepeat":false,"_height":200}},"_isEnabled":true}},"_mobileBackgroundImage":{"_repeat":false,"_position":"center","_size":"initial"},"_backgroundImage":{"_repeat":false,"_position":"center","_size":"initial"},"_hasScrollActionButton":false,"_classes":"article-style-4","title":"Logging in","_evolveTags":[],"_updatedAt":"2019-07-31T10:00:52.769Z","_createdAt":"2019-07-31T10:00:52.769Z","_type":"article","_isVisible":true,"_courseOrder":"10-2","_childrenIds":["5d4166d4cc85e20d39f9b766","5d4166d4cc85e20d39f9b768","5d4166d4cc85e20d39f9b76a"]},{"_id":"5d4166d4cc85e20d39f9b770","_courseId":"5d4166d4cc85e20d39f9b73c","_parentId":"5d4166d4cc85e20d39f9b76f","_sortOrder":0,"__v":0,"_refId":"5c8138eee6147525a4e496a2","_search":{"_searchTagIds":[]},"_progress":{"_isEnabled":true},"_contentLocking":{"_lockedApperance":"default","_requiredAmount":0,"_requiredCompleteIds":[],"_lockIcon":"lock","_lockedText":"This article is locked","_shouldDisableNotifyOnUnlock":false,"_lockingType":"component","_isEnabled":false},"_bookShelf":{"_isShelved":false,"_isEnabled":false},"_animations":{"_easing":"default","_scaleIn":{"_from":50,"_isEnabled":false},"_fadeIn":{"_from":0,"_isEnabled":false},"_slideInY":{"_from":50,"_isReverseDirection":false,"_isEnabled":false},"_slideInX":{"_from":50,"_isReverseDirection":false,"_isEnabled":false}},"_dividers":{"_after":{"_graphicTextStyles":{"_mobile":{"_fontColor":"transparent"},"_tablet":{"_fontColor":"transparent"},"_desktop":{"_fontColor":"transparent"}},"_graphicTextRightPadding":0,"_graphicTextLeftPadding":0,"_graphicTextBottomPadding":0,"_graphicTextTopPadding":0,"_graphicTextWidth":100,"_graphicTextLayout":"top","_shouldEnableGraphicText":false,"_graphic":{"_small":{"_shouldRepeat":false,"_height":200},"_large":{"_shouldRepeat":false,"_height":200}},"_isEnabled":false},"_before":{"_graphicTextStyles":{"_mobile":{"_fontColor":"transparent"},"_tablet":{"_fontColor":"transparent"},"_desktop":{"_fontColor":"transparent"}},"_graphicTextRightPadding":0,"_graphicTextLeftPadding":0,"_graphicTextBottomPadding":0,"_graphicTextTopPadding":0,"_graphicTextWidth":100,"_graphicTextLayout":"top","_shouldEnableGraphicText":false,"_graphic":{"_small":{"_shouldRepeat":false,"_height":200},"_large":{"_shouldRepeat":false,"_height":200}},"_isEnabled":false}},"_mobileBackgroundImage":{"_repeat":false,"_position":"center","_size":"initial"},"_backgroundImage":{"_repeat":false,"_position":"center","_size":"initial"},"_hasScrollActionButton":false,"_classes":"article-style-5","title":"New Article Title","_evolveTags":[],"_updatedAt":"2019-07-31T10:00:52.865Z","_createdAt":"2019-07-31T10:00:52.865Z","_type":"article","_isVisible":true,"_courseOrder":"11-0","_childrenIds":["5d4166d4cc85e20d39f9b771"]},{"_id":"5d4166d4cc85e20d39f9b773","_sortOrder":1,"_parentId":"5d4166d4cc85e20d39f9b76f","_courseId":"5d4166d4cc85e20d39f9b73c","__v":0,"_refId":"5c93b1dc888f1006dc4c6b6e","displayTitle":"Installing Panopto on a Computer","_search":{"_searchTagIds":[]},"_progress":{"_isEnabled":true},"_contentLocking":{"_lockedApperance":"default","_requiredAmount":0,"_requiredCompleteIds":[],"_lockIcon":"lock","_lockedText":"This article is locked","_shouldDisableNotifyOnUnlock":false,"_lockingType":"component","_isEnabled":false},"_bookShelf":{"_isShelved":false,"_isEnabled":false},"_animations":{"_easing":"default","_scaleIn":{"_from":50,"_isEnabled":false},"_fadeIn":{"_from":0,"_isEnabled":false},"_slideInY":{"_from":50,"_isReverseDirection":false,"_isEnabled":false},"_slideInX":{"_from":50,"_isReverseDirection":false,"_isEnabled":false}},"_dividers":{"_after":{"_graphicTextStyles":{"_mobile":{"_fontColor":"transparent"},"_tablet":{"_fontColor":"transparent"},"_desktop":{"_fontColor":"transparent"}},"_graphicTextRightPadding":0,"_graphicTextLeftPadding":0,"_graphicTextBottomPadding":0,"_graphicTextTopPadding":0,"_graphicTextWidth":100,"_graphicTextLayout":"top","_shouldEnableGraphicText":false,"_graphic":{"_small":{"_shouldRepeat":false,"_height":200},"_large":{"_shouldRepeat":false,"_height":200}},"_isEnabled":false},"_before":{"_graphicTextStyles":{"_mobile":{"_fontColor":"transparent"},"_tablet":{"_fontColor":"transparent"},"_desktop":{"_fontColor":"transparent"}},"_graphicTextRightPadding":0,"_graphicTextLeftPadding":0,"_graphicTextBottomPadding":0,"_graphicTextTopPadding":0,"_graphicTextWidth":100,"_graphicTextLayout":"top","_shouldEnableGraphicText":false,"_graphic":{"_small":{"_shouldRepeat":false,"_height":200},"_large":{"_shouldRepeat":false,"_height":200}},"_isEnabled":false}},"_mobileBackgroundImage":{"_repeat":false,"_position":"center","_size":"initial"},"_backgroundImage":{"_repeat":false,"_position":"center","_size":"initial"},"_hasScrollActionButton":false,"_classes":"article-style-6","title":"Installing step by step","_evolveTags":[],"_updatedAt":"2019-07-31T10:00:52.888Z","_createdAt":"2019-07-31T10:00:52.888Z","_type":"article","_isVisible":true,"_courseOrder":"11-1","_childrenIds":["5d4166d4cc85e20d39f9b774"]},{"_id":"5d4166d4cc85e20d39f9b779","_sortOrder":2,"_parentId":"5d4166d4cc85e20d39f9b76f","_courseId":"5d4166d4cc85e20d39f9b73c","__v":0,"_refId":"5c9dfab73a0d766acdd3224a","displayTitle":"Sign in with the Panopto App","_search":{"_searchTagIds":[]},"_progress":{"_isEnabled":true},"_contentLocking":{"_lockedApperance":"default","_requiredAmount":0,"_requiredCompleteIds":[],"_lockIcon":"lock","_lockedText":"This article is locked","_shouldDisableNotifyOnUnlock":false,"_lockingType":"component","_isEnabled":false},"_bookShelf":{"_isShelved":false,"_isEnabled":false},"_animations":{"_easing":"default","_scaleIn":{"_from":50,"_isEnabled":false},"_fadeIn":{"_from":0,"_isEnabled":false},"_slideInY":{"_from":50,"_isReverseDirection":false,"_isEnabled":false},"_slideInX":{"_from":50,"_isReverseDirection":false,"_isEnabled":false}},"_dividers":{"_after":{"_graphicTextStyles":{"_mobile":{"_fontColor":"transparent"},"_tablet":{"_fontColor":"transparent"},"_desktop":{"_fontColor":"transparent"}},"_graphicTextRightPadding":0,"_graphicTextLeftPadding":0,"_graphicTextBottomPadding":0,"_graphicTextTopPadding":0,"_graphicTextWidth":100,"_graphicTextLayout":"top","_shouldEnableGraphicText":false,"_graphic":{"_small":{"_shouldRepeat":false,"_height":200},"_large":{"_shouldRepeat":false,"_height":200}},"_isEnabled":false},"_before":{"_graphicTextStyles":{"_mobile":{"_fontColor":"transparent"},"_tablet":{"_fontColor":"transparent"},"_desktop":{"_fontColor":"transparent"}},"_graphicTextRightPadding":0,"_graphicTextLeftPadding":0,"_graphicTextBottomPadding":0,"_graphicTextTopPadding":0,"_graphicTextWidth":100,"_graphicTextLayout":"top","_shouldEnableGraphicText":false,"_graphic":{"_small":{"_shouldRepeat":false,"_height":200},"_large":{"_shouldRepeat":false,"_height":200}},"_isEnabled":false}},"_mobileBackgroundImage":{"_repeat":false,"_position":"center","_size":"initial"},"_backgroundImage":{"_repeat":false,"_position":"center","_size":"initial"},"_hasScrollActionButton":false,"_classes":"article-style-2","title":"Log in","_evolveTags":[],"_updatedAt":"2019-07-31T10:00:52.940Z","_createdAt":"2019-07-31T10:00:52.940Z","_type":"article","_isVisible":true,"_courseOrder":"11-2","_childrenIds":["5d4166d4cc85e20d39f9b77a"]},{"_id":"5d4166d4cc85e20d39f9b776","_sortOrder":3,"_parentId":"5d4166d4cc85e20d39f9b76f","_courseId":"5d4166d4cc85e20d39f9b73c","__v":0,"_refId":"5c98e23b2b507a2249727a0c","displayTitle":"Video Walkthrough","_search":{"_searchTagIds":[]},"_progress":{"_isEnabled":true},"_contentLocking":{"_lockedApperance":"default","_requiredAmount":0,"_requiredCompleteIds":[],"_lockIcon":"lock","_lockedText":"This article is locked","_shouldDisableNotifyOnUnlock":false,"_lockingType":"component","_isEnabled":false},"_bookShelf":{"_isShelved":false,"_isEnabled":false},"_animations":{"_easing":"default","_scaleIn":{"_from":50,"_isEnabled":false},"_fadeIn":{"_from":0,"_isEnabled":false},"_slideInY":{"_from":50,"_isReverseDirection":false,"_isEnabled":false},"_slideInX":{"_from":50,"_isReverseDirection":false,"_isEnabled":false}},"_dividers":{"_after":{"_graphicTextStyles":{"_mobile":{"_fontColor":"transparent"},"_tablet":{"_fontColor":"transparent"},"_desktop":{"_fontColor":"transparent"}},"_graphicTextRightPadding":0,"_graphicTextLeftPadding":0,"_graphicTextBottomPadding":0,"_graphicTextTopPadding":0,"_graphicTextWidth":100,"_graphicTextLayout":"top","_shouldEnableGraphicText":false,"_graphic":{"_small":{"_shouldRepeat":false,"_height":200},"_large":{"_shouldRepeat":false,"_height":200}},"_isEnabled":false},"_before":{"_graphicTextStyles":{"_mobile":{"_fontColor":"transparent"},"_tablet":{"_fontColor":"transparent"},"_desktop":{"_fontColor":"transparent"}},"_graphicTextRightPadding":0,"_graphicTextLeftPadding":0,"_graphicTextBottomPadding":0,"_graphicTextTopPadding":0,"_graphicTextWidth":100,"_graphicTextLayout":"top","_shouldEnableGraphicText":false,"_graphic":{"_small":{"_shouldRepeat":false,"_height":200},"_large":{"_shouldRepeat":false,"_height":200}},"_isEnabled":false}},"_mobileBackgroundImage":{"_repeat":false,"_position":"center","_size":"initial"},"_backgroundImage":{"_repeat":false,"_position":"center","_size":"initial"},"_hasScrollActionButton":false,"_classes":"article-style-6","title":"Video","_evolveTags":[],"_updatedAt":"2019-07-31T10:00:52.918Z","_createdAt":"2019-07-31T10:00:52.918Z","_type":"article","_isVisible":true,"_courseOrder":"11-3","_childrenIds":["5d4166d4cc85e20d39f9b777"]},{"_id":"5d4166d6cc85e20d39f9b7f7","_courseId":"5d4166d4cc85e20d39f9b73c","_parentId":"5d4166d6cc85e20d39f9b7f6","_sortOrder":0,"__v":0,"_refId":"5ca323ef8c606d05f521fa5e","_search":{"_searchTagIds":[]},"_progress":{"_isEnabled":true},"_contentLocking":{"_lockedApperance":"default","_requiredAmount":0,"_requiredCompleteIds":[],"_lockIcon":"lock","_lockedText":"This article is locked","_shouldDisableNotifyOnUnlock":false,"_lockingType":"component","_isEnabled":false},"_bookShelf":{"_isShelved":false,"_isEnabled":false},"_animations":{"_easing":"default","_scaleIn":{"_from":50,"_isEnabled":false},"_fadeIn":{"_from":0,"_isEnabled":false},"_slideInY":{"_from":50,"_isReverseDirection":false,"_isEnabled":false},"_slideInX":{"_from":50,"_isReverseDirection":false,"_isEnabled":false}},"_dividers":{"_after":{"_graphicTextStyles":{"_mobile":{"_fontColor":"transparent"},"_tablet":{"_fontColor":"transparent"},"_desktop":{"_fontColor":"transparent"}},"_graphicTextRightPadding":0,"_graphicTextLeftPadding":0,"_graphicTextBottomPadding":0,"_graphicTextTopPadding":0,"_graphicTextWidth":100,"_graphicTextLayout":"top","_shouldEnableGraphicText":false,"_graphic":{"_small":{"_shouldRepeat":false,"_height":200},"_large":{"_shouldRepeat":false,"_height":200}},"_isEnabled":false},"_before":{"_graphicTextStyles":{"_mobile":{"_fontColor":"transparent"},"_tablet":{"_fontColor":"transparent"},"_desktop":{"_fontColor":"transparent"}},"_graphicTextRightPadding":0,"_graphicTextLeftPadding":0,"_graphicTextBottomPadding":0,"_graphicTextTopPadding":0,"_graphicTextWidth":100,"_graphicTextLayout":"top","_shouldEnableGraphicText":false,"_graphic":{"_small":{"_shouldRepeat":false,"_height":200},"_large":{"_shouldRepeat":false,"_height":200}},"_isEnabled":false}},"_mobileBackgroundImage":{"_repeat":false,"_position":"center","_size":"initial"},"_backgroundImage":{"_repeat":false,"_position":"center","_size":"initial"},"_hasScrollActionButton":false,"_classes":"article-style-2","title":"Online Video Editing","_evolveTags":[],"_updatedAt":"2019-07-31T10:00:54.116Z","_createdAt":"2019-07-31T10:00:54.116Z","_type":"article","_isVisible":true,"_courseOrder":"12-0","_childrenIds":["5d4166d6cc85e20d39f9b7f8"]},{"_id":"5d4166d6cc85e20d39f9b7fa","_sortOrder":1,"_parentId":"5d4166d6cc85e20d39f9b7f6","_courseId":"5d4166d4cc85e20d39f9b73c","__v":0,"_refId":"5ca32b398c606d05f521fa6f","_search":{"_searchTagIds":[]},"_progress":{"_isEnabled":true},"_contentLocking":{"_lockedApperance":"default","_requiredAmount":0,"_requiredCompleteIds":[],"_lockIcon":"lock","_lockedText":"This article is locked","_shouldDisableNotifyOnUnlock":false,"_lockingType":"component","_isEnabled":false},"_bookShelf":{"_isShelved":false,"_isEnabled":false},"_animations":{"_easing":"default","_scaleIn":{"_from":50,"_isEnabled":false},"_fadeIn":{"_from":0,"_isEnabled":false},"_slideInY":{"_from":50,"_isReverseDirection":false,"_isEnabled":false},"_slideInX":{"_from":50,"_isReverseDirection":false,"_isEnabled":false}},"_dividers":{"_after":{"_graphicTextStyles":{"_mobile":{"_fontColor":"transparent"},"_tablet":{"_fontColor":"transparent"},"_desktop":{"_fontColor":"transparent"}},"_graphicTextRightPadding":0,"_graphicTextLeftPadding":0,"_graphicTextBottomPadding":0,"_graphicTextTopPadding":0,"_graphicTextWidth":100,"_graphicTextLayout":"top","_shouldEnableGraphicText":false,"_graphic":{"_small":{"_shouldRepeat":false,"_height":200},"_large":{"_shouldRepeat":false,"_height":200}},"_isEnabled":false},"_before":{"_graphicTextStyles":{"_mobile":{"_fontColor":"transparent"},"_tablet":{"_fontColor":"transparent"},"_desktop":{"_fontColor":"transparent"}},"_graphicTextRightPadding":0,"_graphicTextLeftPadding":0,"_graphicTextBottomPadding":0,"_graphicTextTopPadding":0,"_graphicTextWidth":100,"_graphicTextLayout":"top","_shouldEnableGraphicText":false,"_graphic":{"_small":{"_shouldRepeat":false,"_height":200},"_large":{"_shouldRepeat":false,"_height":200}},"_isEnabled":false}},"_mobileBackgroundImage":{"_repeat":false,"_position":"center","_size":"initial"},"_backgroundImage":{"_repeat":false,"_position":"center","_size":"initial"},"_hasScrollActionButton":false,"_classes":"article-style-6","title":"Links to aricles","_evolveTags":[],"_updatedAt":"2019-07-31T10:00:54.133Z","_createdAt":"2019-07-31T10:00:54.133Z","_type":"article","_isVisible":true,"_courseOrder":"12-1","_childrenIds":["5d4166d6cc85e20d39f9b7fb"]},{"_id":"5d4d23ade0af4d4fab5a5306","_courseId":"5d4166d4cc85e20d39f9b73c","_parentId":"5d4d23ace0af4d4fab5a5305","_createdBy":"5bb390fed459f65d262aa3b3","_sortOrder":0,"__v":0,"_refId":"5d4d23ade0af4d4fab5a5306","_search":{"_searchTagIds":[]},"_progress":{"_isEnabled":true},"_contentLocking":{"_lockedApperance":"default","_requiredAmount":0,"_requiredCompleteIds":[],"_lockIcon":"lock","_lockedText":"This article is locked","_shouldDisableNotifyOnUnlock":false,"_lockingType":"component","_isEnabled":false},"_bookShelf":{"_isShelved":false,"_isEnabled":false},"_animations":{"_easing":"default","_scaleIn":{"_from":50,"_isEnabled":false},"_fadeIn":{"_from":0,"_isEnabled":false},"_slideInY":{"_from":50,"_isReverseDirection":false,"_isEnabled":false},"_slideInX":{"_from":50,"_isReverseDirection":false,"_isEnabled":false}},"_dividers":{"_after":{"_graphicTextStyles":{"_mobile":{"_fontColor":"transparent"},"_tablet":{"_fontColor":"transparent"},"_desktop":{"_fontColor":"transparent"}},"_graphicTextRightPadding":0,"_graphicTextLeftPadding":0,"_graphicTextBottomPadding":0,"_graphicTextTopPadding":0,"_graphicTextWidth":100,"_graphicTextLayout":"top","_shouldEnableGraphicText":false,"_graphic":{"_small":{"_shouldRepeat":false,"_height":200},"_large":{"_shouldRepeat":false,"_height":200}},"_isEnabled":false},"_before":{"_graphicTextStyles":{"_mobile":{"_fontColor":"transparent"},"_tablet":{"_fontColor":"transparent"},"_desktop":{"_fontColor":"transparent"}},"_graphicTextRightPadding":0,"_graphicTextLeftPadding":0,"_graphicTextBottomPadding":0,"_graphicTextTopPadding":0,"_graphicTextWidth":100,"_graphicTextLayout":"top","_shouldEnableGraphicText":false,"_graphic":{"_small":{"_shouldRepeat":false,"_height":200},"_large":{"_shouldRepeat":false,"_height":200}},"_isEnabled":false}},"_mobileBackgroundImage":{"_repeat":false,"_position":"center","_size":"initial"},"_backgroundImage":{"_repeat":false,"_position":"center","_size":"initial"},"_hasScrollActionButton":false,"_classes":"none","title":"New Article Title","_evolveTags":[],"_updatedAt":"2019-08-09T07:41:33.020Z","_createdAt":"2019-08-09T07:41:33.020Z","_type":"article","_isVisible":false,"_courseOrder":"13-0"}]
