[{"_id":"5d4166d4cc85e20d39f9b74c","_courseId":"5d4166d4cc85e20d39f9b73c","_parentId":"5d4166d4cc85e20d39f9b741","_sortOrder":0,"__v":0,"_refId":"5c935a42888f1006dc4c6ab6","_search":{"_searchTagIds":[]},"_courseAttainment":{"_isEnabled":false},"_animations":{"_right":{"_easing":"default","_scaleIn":{"_from":50,"_isEnabled":false},"_fadeIn":{"_from":0,"_isEnabled":false},"_slideInY":{"_from":50,"_isReverseDirection":false,"_isEnabled":false},"_slideInX":{"_from":50,"_isReverseDirection":false,"_isEnabled":false},"_isEnabled":false},"_left":{"_easing":"default","_scaleIn":{"_from":50,"_isEnabled":false},"_fadeIn":{"_from":0,"_isEnabled":false},"_slideInY":{"_from":50,"_isReverseDirection":false,"_isEnabled":false},"_slideInX":{"_from":50,"_isReverseDirection":false,"_isEnabled":false},"_isEnabled":false},"_full":{"_easing":"default","_scaleIn":{"_from":50,"_isEnabled":false},"_fadeIn":{"_from":0,"_isEnabled":false},"_slideInY":{"_from":50,"_isReverseDirection":false,"_isEnabled":false},"_slideInX":{"_from":50,"_isReverseDirection":false,"_isEnabled":false},"_isEnabled":false}},"_componentsVerticalAlignment":"top","_singleWidthIsCentered":true,"_singleWidthComponentLayout":"default","_classes":"","title":"New Block Title","_evolveTags":[],"_updatedAt":"2019-07-31T10:00:52.580Z","_createdAt":"2019-07-31T10:00:52.580Z","_type":"block","_courseOrder":"0-0-0","_isVisible":true,"_childrenIds":["5d4166d4cc85e20d39f9b74d","5d4166d4cc85e20d39f9b74e"]},{"_id":"5dc2aef018d97c0d9e6c1e37","_courseId":"5d4166d4cc85e20d39f9b73c","_parentId":"5dc2aef018d97c0d9e6c1e36","_sortOrder":0,"_createdBy":"5bb390fed459f65d262aa3b3","__v":0,"_refId":"5dc2aef018d97c0d9e6c1e37","_search":{"_searchTagIds":[]},"_courseAttainment":{"_isEnabled":false},"_animations":{"_right":{"_easing":"default","_scaleIn":{"_from":50,"_isEnabled":false},"_fadeIn":{"_from":0,"_isEnabled":false},"_slideInY":{"_from":50,"_isReverseDirection":false,"_isEnabled":false},"_slideInX":{"_from":50,"_isReverseDirection":false,"_isEnabled":false},"_isEnabled":false},"_left":{"_easing":"default","_scaleIn":{"_from":50,"_isEnabled":false},"_fadeIn":{"_from":0,"_isEnabled":false},"_slideInY":{"_from":50,"_isReverseDirection":false,"_isEnabled":false},"_slideInX":{"_from":50,"_isReverseDirection":false,"_isEnabled":false},"_isEnabled":false},"_full":{"_easing":"default","_scaleIn":{"_from":50,"_isEnabled":false},"_fadeIn":{"_from":0,"_isEnabled":false},"_slideInY":{"_from":50,"_isReverseDirection":false,"_isEnabled":false},"_slideInX":{"_from":50,"_isReverseDirection":false,"_isEnabled":false},"_isEnabled":false}},"_componentsVerticalAlignment":"top","_singleWidthIsCentered":true,"_singleWidthComponentLayout":"default","_classes":"","title":"New Block Title","_evolveTags":[],"_updatedAt":"2019-11-06T11:30:56.793Z","_createdAt":"2019-11-06T11:30:56.793Z","_type":"block","_courseOrder":"0-1-0","_isVisible":true,"_childrenIds":["5dc2b16b18d97c0d9e6c1e3a"]},{"_id":"5dc2b20b18d97c0d9e6c1e3d","_sortOrder":1,"_parentId":"5dc2aef018d97c0d9e6c1e36","_courseId":"5d4166d4cc85e20d39f9b73c","_createdBy":"5bb390fed459f65d262aa3b3","__v":0,"_refId":"5dc2b20b18d97c0d9e6c1e3d","_search":{"_searchTagIds":[]},"_courseAttainment":{"_isEnabled":false},"_animations":{"_right":{"_easing":"default","_scaleIn":{"_from":50,"_isEnabled":false},"_fadeIn":{"_from":0,"_isEnabled":false},"_slideInY":{"_from":50,"_isReverseDirection":false,"_isEnabled":false},"_slideInX":{"_from":50,"_isReverseDirection":false,"_isEnabled":false},"_isEnabled":false},"_left":{"_easing":"default","_scaleIn":{"_from":50,"_isEnabled":false},"_fadeIn":{"_from":0,"_isEnabled":false},"_slideInY":{"_from":50,"_isReverseDirection":false,"_isEnabled":false},"_slideInX":{"_from":50,"_isReverseDirection":false,"_isEnabled":false},"_isEnabled":false},"_full":{"_easing":"default","_scaleIn":{"_from":50,"_isEnabled":false},"_fadeIn":{"_from":0,"_isEnabled":false},"_slideInY":{"_from":50,"_isReverseDirection":false,"_isEnabled":false},"_slideInX":{"_from":50,"_isReverseDirection":false,"_isEnabled":false},"_isEnabled":false}},"_componentsVerticalAlignment":"top","_singleWidthIsCentered":true,"_singleWidthComponentLayout":"default","_classes":"","title":"New Block Title","_evolveTags":[],"_updatedAt":"2019-11-06T11:44:11.960Z","_createdAt":"2019-11-06T11:44:11.960Z","_type":"block","_courseOrder":"0-1-1","_isVisible":true,"_childrenIds":["5dc2b21618d97c0d9e6c1e3f"]},{"_id":"5d4166d4cc85e20d39f9b746","_sortOrder":0,"_parentId":"5d416946cc85e20d39f9b819","_courseId":"5d4166d4cc85e20d39f9b73c","__v":0,"_refId":"5c5d6d116b016c5b2a038f98","displayTitle":"","body":"","_updatedBy":"5bb390fed459f65d262aa3b3","_search":{"_searchTagIds":[]},"_courseAttainment":{"_isEnabled":false},"_animations":{"_right":{"_easing":"default","_scaleIn":{"_from":50,"_isEnabled":false},"_fadeIn":{"_from":0,"_isEnabled":false},"_slideInY":{"_from":50,"_isReverseDirection":false,"_isEnabled":false},"_slideInX":{"_from":50,"_isReverseDirection":false,"_isEnabled":false},"_isEnabled":false},"_left":{"_easing":"default","_scaleIn":{"_from":50,"_isEnabled":false},"_fadeIn":{"_from":0,"_isEnabled":false},"_slideInY":{"_from":50,"_isReverseDirection":false,"_isEnabled":false},"_slideInX":{"_from":50,"_isReverseDirection":false,"_isEnabled":false},"_isEnabled":false},"_full":{"_easing":"default","_scaleIn":{"_from":50,"_isEnabled":false},"_fadeIn":{"_from":0,"_isEnabled":false},"_slideInY":{"_from":50,"_isReverseDirection":false,"_isEnabled":false},"_slideInX":{"_from":50,"_isReverseDirection":false,"_isEnabled":false},"_isEnabled":false}},"_componentsVerticalAlignment":"top","_singleWidthIsCentered":true,"_singleWidthComponentLayout":"default","_classes":"","title":"New Block Title","_evolveTags":[],"_updatedAt":"2019-08-22T10:54:50.498Z","_createdAt":"2019-07-31T10:00:52.538Z","_type":"block","_courseOrder":"0-2-0","_isVisible":true,"_childrenIds":["5d4166d4cc85e20d39f9b748","5d4166d4cc85e20d39f9b747"]},{"_id":"5d4166d4cc85e20d39f9b749","_sortOrder":1,"_parentId":"5d416946cc85e20d39f9b819","_courseId":"5d4166d4cc85e20d39f9b73c","__v":0,"_refId":"5c8bbe42c78f8d38f5fe1f3b","_updatedBy":"5bb390fed459f65d262aa3b3","_search":{"_searchTagIds":[]},"_courseAttainment":{"_isEnabled":false},"_animations":{"_right":{"_easing":"default","_scaleIn":{"_from":50,"_isEnabled":false},"_fadeIn":{"_from":0,"_isEnabled":false},"_slideInY":{"_from":50,"_isReverseDirection":false,"_isEnabled":false},"_slideInX":{"_from":50,"_isReverseDirection":false,"_isEnabled":false},"_isEnabled":false},"_left":{"_easing":"default","_scaleIn":{"_from":50,"_isEnabled":false},"_fadeIn":{"_from":0,"_isEnabled":false},"_slideInY":{"_from":50,"_isReverseDirection":false,"_isEnabled":false},"_slideInX":{"_from":50,"_isReverseDirection":false,"_isEnabled":false},"_isEnabled":false},"_full":{"_easing":"default","_scaleIn":{"_from":50,"_isEnabled":false},"_fadeIn":{"_from":0,"_isEnabled":false},"_slideInY":{"_from":50,"_isReverseDirection":false,"_isEnabled":false},"_slideInX":{"_from":50,"_isReverseDirection":false,"_isEnabled":false},"_isEnabled":false}},"_componentsVerticalAlignment":"top","_singleWidthIsCentered":true,"_singleWidthComponentLayout":"default","_classes":"","title":"New Block Title","_evolveTags":[],"_updatedAt":"2019-07-31T10:12:14.460Z","_createdAt":"2019-07-31T10:00:52.562Z","_type":"block","_courseOrder":"0-2-1","_isVisible":true,"_childrenIds":["5d4166d4cc85e20d39f9b74b","5d4166d4cc85e20d39f9b74a"]},{"_id":"5d4166d4cc85e20d39f9b750","_courseId":"5d4166d4cc85e20d39f9b73c","_parentId":"5d4166d4cc85e20d39f9b74f","_sortOrder":0,"__v":0,"_refId":"5c5d74f96b016c5b2a038fa5","_search":{"_searchTagIds":[]},"_courseAttainment":{"_isEnabled":false},"_animations":{"_right":{"_easing":"default","_scaleIn":{"_from":50,"_isEnabled":false},"_fadeIn":{"_from":0,"_isEnabled":false},"_slideInY":{"_from":50,"_isReverseDirection":false,"_isEnabled":false},"_slideInX":{"_from":50,"_isReverseDirection":false,"_isEnabled":false},"_isEnabled":false},"_left":{"_easing":"default","_scaleIn":{"_from":50,"_isEnabled":false},"_fadeIn":{"_from":0,"_isEnabled":false},"_slideInY":{"_from":50,"_isReverseDirection":false,"_isEnabled":false},"_slideInX":{"_from":50,"_isReverseDirection":false,"_isEnabled":false},"_isEnabled":false},"_full":{"_easing":"default","_scaleIn":{"_from":50,"_isEnabled":false},"_fadeIn":{"_from":0,"_isEnabled":false},"_slideInY":{"_from":50,"_isReverseDirection":false,"_isEnabled":false},"_slideInX":{"_from":50,"_isReverseDirection":false,"_isEnabled":false},"_isEnabled":false}},"_componentsVerticalAlignment":"top","_singleWidthIsCentered":true,"_singleWidthComponentLayout":"default","_classes":"","title":"New Block Title","_evolveTags":[],"_updatedAt":"2019-07-31T10:00:52.604Z","_createdAt":"2019-07-31T10:00:52.604Z","_type":"block","_courseOrder":"0-3-0","_isVisible":true,"_childrenIds":["5d4166d4cc85e20d39f9b752","5d4166d4cc85e20d39f9b751"]},{"_id":"5d4166d4cc85e20d39f9b753","_sortOrder":1,"_parentId":"5d4166d4cc85e20d39f9b74f","_courseId":"5d4166d4cc85e20d39f9b73c","__v":0,"_refId":"5c5d93e06b016c5b2a038fb3","_search":{"_searchTagIds":[]},"_courseAttainment":{"_isEnabled":false},"_animations":{"_right":{"_easing":"default","_scaleIn":{"_from":50,"_isEnabled":false},"_fadeIn":{"_from":0,"_isEnabled":false},"_slideInY":{"_from":50,"_isReverseDirection":false,"_isEnabled":false},"_slideInX":{"_from":50,"_isReverseDirection":false,"_isEnabled":false},"_isEnabled":false},"_left":{"_easing":"default","_scaleIn":{"_from":50,"_isEnabled":false},"_fadeIn":{"_from":0,"_isEnabled":false},"_slideInY":{"_from":50,"_isReverseDirection":false,"_isEnabled":false},"_slideInX":{"_from":50,"_isReverseDirection":false,"_isEnabled":false},"_isEnabled":false},"_full":{"_easing":"default","_scaleIn":{"_from":50,"_isEnabled":false},"_fadeIn":{"_from":0,"_isEnabled":false},"_slideInY":{"_from":50,"_isReverseDirection":false,"_isEnabled":false},"_slideInX":{"_from":50,"_isReverseDirection":false,"_isEnabled":false},"_isEnabled":false}},"_componentsVerticalAlignment":"top","_singleWidthIsCentered":true,"_singleWidthComponentLayout":"default","_classes":"","title":"New Block Title","_evolveTags":[],"_updatedAt":"2019-07-31T10:00:52.628Z","_createdAt":"2019-07-31T10:00:52.628Z","_type":"block","_courseOrder":"0-3-1","_isVisible":true,"_childrenIds":["5d4166d4cc85e20d39f9b754","5d4166d4cc85e20d39f9b755"]},{"_id":"5d4166d4cc85e20d39f9b756","_sortOrder":2,"_parentId":"5d4166d4cc85e20d39f9b74f","_courseId":"5d4166d4cc85e20d39f9b73c","__v":0,"_refId":"5c5d95fa6b016c5b2a038fbf","_search":{"_searchTagIds":[]},"_courseAttainment":{"_isEnabled":false},"_animations":{"_right":{"_easing":"default","_scaleIn":{"_from":50,"_isEnabled":false},"_fadeIn":{"_from":0,"_isEnabled":false},"_slideInY":{"_from":50,"_isReverseDirection":false,"_isEnabled":false},"_slideInX":{"_from":50,"_isReverseDirection":false,"_isEnabled":false},"_isEnabled":false},"_left":{"_easing":"default","_scaleIn":{"_from":50,"_isEnabled":false},"_fadeIn":{"_from":0,"_isEnabled":false},"_slideInY":{"_from":50,"_isReverseDirection":false,"_isEnabled":false},"_slideInX":{"_from":50,"_isReverseDirection":false,"_isEnabled":false},"_isEnabled":false},"_full":{"_easing":"default","_scaleIn":{"_from":50,"_isEnabled":false},"_fadeIn":{"_from":0,"_isEnabled":false},"_slideInY":{"_from":50,"_isReverseDirection":false,"_isEnabled":false},"_slideInX":{"_from":50,"_isReverseDirection":false,"_isEnabled":false},"_isEnabled":false}},"_componentsVerticalAlignment":"top","_singleWidthIsCentered":true,"_singleWidthComponentLayout":"default","_classes":"","title":"New Block Title","_evolveTags":[],"_updatedAt":"2019-07-31T10:00:52.650Z","_createdAt":"2019-07-31T10:00:52.650Z","_type":"block","_courseOrder":"0-3-2","_isVisible":true,"_childrenIds":["5d4166d4cc85e20d39f9b757","5d4166d4cc85e20d39f9b758"]},{"_id":"5d4166d4cc85e20d39f9b75b","_courseId":"5d4166d4cc85e20d39f9b73c","_parentId":"5d4166d4cc85e20d39f9b75a","_sortOrder":0,"__v":0,"_refId":"5c9cc7809edd9c421da5fe72","_search":{"_searchTagIds":[]},"_courseAttainment":{"_isEnabled":false},"_animations":{"_right":{"_easing":"default","_scaleIn":{"_from":50,"_isEnabled":false},"_fadeIn":{"_from":0,"_isEnabled":false},"_slideInY":{"_from":50,"_isReverseDirection":false,"_isEnabled":false},"_slideInX":{"_from":50,"_isReverseDirection":false,"_isEnabled":false},"_isEnabled":false},"_left":{"_easing":"default","_scaleIn":{"_from":50,"_isEnabled":false},"_fadeIn":{"_from":0,"_isEnabled":false},"_slideInY":{"_from":50,"_isReverseDirection":false,"_isEnabled":false},"_slideInX":{"_from":50,"_isReverseDirection":false,"_isEnabled":false},"_isEnabled":false},"_full":{"_easing":"default","_scaleIn":{"_from":50,"_isEnabled":false},"_fadeIn":{"_from":0,"_isEnabled":false},"_slideInY":{"_from":50,"_isReverseDirection":false,"_isEnabled":false},"_slideInX":{"_from":50,"_isReverseDirection":false,"_isEnabled":false},"_isEnabled":false}},"_componentsVerticalAlignment":"top","_singleWidthIsCentered":true,"_singleWidthComponentLayout":"default","_classes":"","title":"New Block Title","_evolveTags":[],"_updatedAt":"2019-07-31T10:00:52.691Z","_createdAt":"2019-07-31T10:00:52.691Z","_type":"block","_courseOrder":"0-4-0","_isVisible":true,"_childrenIds":["5d4166d4cc85e20d39f9b75c"]},{"_id":"5d4166d4cc85e20d39f9b742","_courseId":"5d4166d4cc85e20d39f9b73c","_parentId":"5d5e766ba8c10c720014abbc","_sortOrder":0,"__v":0,"_refId":"5c5d62946b016c5b2a038f7c","body":"","_updatedBy":"5bb390fed459f65d262aa3b3","_search":{"_searchTagIds":[]},"_courseAttainment":{"_isEnabled":false},"_animations":{"_right":{"_easing":"default","_scaleIn":{"_from":50,"_isEnabled":false},"_fadeIn":{"_from":0,"_isEnabled":false},"_slideInY":{"_from":50,"_isReverseDirection":false,"_isEnabled":false},"_slideInX":{"_from":50,"_isReverseDirection":false,"_isEnabled":false},"_isEnabled":false},"_left":{"_easing":"default","_scaleIn":{"_from":50,"_isEnabled":false},"_fadeIn":{"_from":0,"_isEnabled":false},"_slideInY":{"_from":50,"_isReverseDirection":false,"_isEnabled":false},"_slideInX":{"_from":50,"_isReverseDirection":false,"_isEnabled":false},"_isEnabled":false},"_full":{"_easing":"default","_scaleIn":{"_from":50,"_isEnabled":false},"_fadeIn":{"_from":0,"_isEnabled":false},"_slideInY":{"_from":50,"_isReverseDirection":false,"_isEnabled":false},"_slideInX":{"_from":50,"_isReverseDirection":false,"_isEnabled":false},"_isEnabled":false}},"_componentsVerticalAlignment":"top","_singleWidthIsCentered":true,"_singleWidthComponentLayout":"default","_classes":"","title":"New Block Title","_evolveTags":[],"_updatedAt":"2019-08-22T11:03:38.111Z","_createdAt":"2019-07-31T10:00:52.492Z","_type":"block","_courseOrder":"0-5-0","_isVisible":true,"_childrenIds":["5d4166d4cc85e20d39f9b743"]},{"_id":"5d5e766ba8c10c720014abbd","_courseId":"5d4166d4cc85e20d39f9b73c","_parentId":"5d5e766ba8c10c720014abbc","_sortOrder":1,"_createdBy":"5bb390fed459f65d262aa3b3","__v":0,"_refId":"5d5e766ba8c10c720014abbd","_search":{"_searchTagIds":[]},"_courseAttainment":{"_isEnabled":false},"_animations":{"_right":{"_easing":"default","_scaleIn":{"_from":50,"_isEnabled":false},"_fadeIn":{"_from":0,"_isEnabled":false},"_slideInY":{"_from":50,"_isReverseDirection":false,"_isEnabled":false},"_slideInX":{"_from":50,"_isReverseDirection":false,"_isEnabled":false},"_isEnabled":false},"_left":{"_easing":"default","_scaleIn":{"_from":50,"_isEnabled":false},"_fadeIn":{"_from":0,"_isEnabled":false},"_slideInY":{"_from":50,"_isReverseDirection":false,"_isEnabled":false},"_slideInX":{"_from":50,"_isReverseDirection":false,"_isEnabled":false},"_isEnabled":false},"_full":{"_easing":"default","_scaleIn":{"_from":50,"_isEnabled":false},"_fadeIn":{"_from":0,"_isEnabled":false},"_slideInY":{"_from":50,"_isReverseDirection":false,"_isEnabled":false},"_slideInX":{"_from":50,"_isReverseDirection":false,"_isEnabled":false},"_isEnabled":false}},"_componentsVerticalAlignment":"top","_singleWidthIsCentered":true,"_singleWidthComponentLayout":"default","_classes":"","title":"New Block Title","_evolveTags":[],"_updatedAt":"2019-08-22T11:03:07.470Z","_createdAt":"2019-08-22T11:03:07.470Z","_type":"block","_courseOrder":"0-5-1","_isVisible":true,"_childrenIds":[]},{"_id":"5d4166d4cc85e20d39f9b744","_sortOrder":2,"_parentId":"5d5e766ba8c10c720014abbc","_courseId":"5d4166d4cc85e20d39f9b73c","__v":0,"_refId":"5c5d65ee6b016c5b2a038f87","body":"","displayTitle":"","_updatedBy":"5bb390fed459f65d262aa3b3","_search":{"_searchTagIds":[]},"_courseAttainment":{"_isEnabled":false},"_animations":{"_right":{"_easing":"default","_scaleIn":{"_from":50,"_isEnabled":false},"_fadeIn":{"_from":0,"_isEnabled":false},"_slideInY":{"_from":50,"_isReverseDirection":false,"_isEnabled":false},"_slideInX":{"_from":50,"_isReverseDirection":false,"_isEnabled":false},"_isEnabled":false},"_left":{"_easing":"default","_scaleIn":{"_from":50,"_isEnabled":false},"_fadeIn":{"_from":0,"_isEnabled":false},"_slideInY":{"_from":50,"_isReverseDirection":false,"_isEnabled":false},"_slideInX":{"_from":50,"_isReverseDirection":false,"_isEnabled":false},"_isEnabled":false},"_full":{"_easing":"default","_scaleIn":{"_from":50,"_isEnabled":false},"_fadeIn":{"_from":0,"_isEnabled":false},"_slideInY":{"_from":50,"_isReverseDirection":false,"_isEnabled":false},"_slideInX":{"_from":50,"_isReverseDirection":false,"_isEnabled":false},"_isEnabled":false}},"_componentsVerticalAlignment":"top","_singleWidthIsCentered":true,"_singleWidthComponentLayout":"default","_classes":"","title":"New Block Title","_evolveTags":[],"_updatedAt":"2019-08-22T11:03:53.761Z","_createdAt":"2019-07-31T10:00:52.520Z","_type":"block","_courseOrder":"0-5-2","_isVisible":true,"_childrenIds":["5d4166d4cc85e20d39f9b745"]},{"_id":"5d4166d5cc85e20d39f9b781","_courseId":"5d4166d4cc85e20d39f9b73c","_parentId":"5d4166d5cc85e20d39f9b780","_sortOrder":0,"__v":0,"_refId":"5c5d980c6b016c5b2a038fce","_search":{"_searchTagIds":[]},"_courseAttainment":{"_isEnabled":false},"_animations":{"_right":{"_easing":"default","_scaleIn":{"_from":50,"_isEnabled":false},"_fadeIn":{"_from":0,"_isEnabled":false},"_slideInY":{"_from":50,"_isReverseDirection":false,"_isEnabled":false},"_slideInX":{"_from":50,"_isReverseDirection":false,"_isEnabled":false},"_isEnabled":false},"_left":{"_easing":"default","_scaleIn":{"_from":50,"_isEnabled":false},"_fadeIn":{"_from":0,"_isEnabled":false},"_slideInY":{"_from":50,"_isReverseDirection":false,"_isEnabled":false},"_slideInX":{"_from":50,"_isReverseDirection":false,"_isEnabled":false},"_isEnabled":false},"_full":{"_easing":"default","_scaleIn":{"_from":50,"_isEnabled":false},"_fadeIn":{"_from":0,"_isEnabled":false},"_slideInY":{"_from":50,"_isReverseDirection":false,"_isEnabled":false},"_slideInX":{"_from":50,"_isReverseDirection":false,"_isEnabled":false},"_isEnabled":false}},"_componentsVerticalAlignment":"top","_singleWidthIsCentered":true,"_singleWidthComponentLayout":"default","_classes":"","title":"New Block Title","_evolveTags":[],"_updatedAt":"2019-07-31T10:00:53.013Z","_createdAt":"2019-07-31T10:00:53.013Z","_type":"block","_courseOrder":"1-0-0","_isVisible":true,"_childrenIds":["5d4166d5cc85e20d39f9b782","5d4166d5cc85e20d39f9b783"]},{"_id":"5d4166d5cc85e20d39f9b784","_sortOrder":1,"_parentId":"5d4166d5cc85e20d39f9b780","_courseId":"5d4166d4cc85e20d39f9b73c","__v":0,"_refId":"5c8bb5f5c78f8d38f5fe1f25","_search":{"_searchTagIds":[]},"_courseAttainment":{"_isEnabled":false},"_animations":{"_right":{"_easing":"default","_scaleIn":{"_from":50,"_isEnabled":false},"_fadeIn":{"_from":0,"_isEnabled":false},"_slideInY":{"_from":50,"_isReverseDirection":false,"_isEnabled":false},"_slideInX":{"_from":50,"_isReverseDirection":false,"_isEnabled":false},"_isEnabled":false},"_left":{"_easing":"default","_scaleIn":{"_from":50,"_isEnabled":false},"_fadeIn":{"_from":0,"_isEnabled":false},"_slideInY":{"_from":50,"_isReverseDirection":false,"_isEnabled":false},"_slideInX":{"_from":50,"_isReverseDirection":false,"_isEnabled":false},"_isEnabled":false},"_full":{"_easing":"default","_scaleIn":{"_from":50,"_isEnabled":false},"_fadeIn":{"_from":0,"_isEnabled":false},"_slideInY":{"_from":50,"_isReverseDirection":false,"_isEnabled":false},"_slideInX":{"_from":50,"_isReverseDirection":false,"_isEnabled":false},"_isEnabled":false}},"_componentsVerticalAlignment":"top","_singleWidthIsCentered":true,"_singleWidthComponentLayout":"default","_classes":"","title":"New Block Title","_evolveTags":[],"_updatedAt":"2019-07-31T10:00:53.037Z","_createdAt":"2019-07-31T10:00:53.037Z","_type":"block","_courseOrder":"1-0-1","_isVisible":true,"_childrenIds":["5d4166d5cc85e20d39f9b785"]},{"_id":"5d4166d5cc85e20d39f9b787","_sortOrder":0,"_parentId":"5d4166d5cc85e20d39f9b786","_courseId":"5d4166d4cc85e20d39f9b73c","__v":0,"_refId":"5c5d9cec6b016c5b2a038fe1","_search":{"_searchTagIds":[]},"_courseAttainment":{"_isEnabled":false},"_animations":{"_right":{"_easing":"default","_scaleIn":{"_from":50,"_isEnabled":false},"_fadeIn":{"_from":0,"_isEnabled":false},"_slideInY":{"_from":50,"_isReverseDirection":false,"_isEnabled":false},"_slideInX":{"_from":50,"_isReverseDirection":false,"_isEnabled":false},"_isEnabled":false},"_left":{"_easing":"default","_scaleIn":{"_from":50,"_isEnabled":false},"_fadeIn":{"_from":0,"_isEnabled":false},"_slideInY":{"_from":50,"_isReverseDirection":false,"_isEnabled":false},"_slideInX":{"_from":50,"_isReverseDirection":false,"_isEnabled":false},"_isEnabled":false},"_full":{"_easing":"default","_scaleIn":{"_from":50,"_isEnabled":false},"_fadeIn":{"_from":0,"_isEnabled":false},"_slideInY":{"_from":50,"_isReverseDirection":false,"_isEnabled":false},"_slideInX":{"_from":50,"_isReverseDirection":false,"_isEnabled":false},"_isEnabled":false}},"_componentsVerticalAlignment":"top","_singleWidthIsCentered":true,"_singleWidthComponentLayout":"default","_classes":"","title":"New Block Title","_evolveTags":[],"_updatedAt":"2019-07-31T10:00:53.071Z","_createdAt":"2019-07-31T10:00:53.071Z","_type":"block","_courseOrder":"1-1-0","_isVisible":true,"_childrenIds":["5d4166d5cc85e20d39f9b788"]},{"_id":"5d4166d5cc85e20d39f9b78a","_sortOrder":1,"_parentId":"5d4166d5cc85e20d39f9b786","_courseId":"5d4166d4cc85e20d39f9b73c","__v":0,"_refId":"5c8a27eb41a10c100347fdc0","_search":{"_searchTagIds":[]},"_courseAttainment":{"_isEnabled":false},"_animations":{"_right":{"_easing":"default","_scaleIn":{"_from":50,"_isEnabled":false},"_fadeIn":{"_from":0,"_isEnabled":false},"_slideInY":{"_from":50,"_isReverseDirection":false,"_isEnabled":false},"_slideInX":{"_from":50,"_isReverseDirection":false,"_isEnabled":false},"_isEnabled":false},"_left":{"_easing":"default","_scaleIn":{"_from":50,"_isEnabled":false},"_fadeIn":{"_from":0,"_isEnabled":false},"_slideInY":{"_from":50,"_isReverseDirection":false,"_isEnabled":false},"_slideInX":{"_from":50,"_isReverseDirection":false,"_isEnabled":false},"_isEnabled":false},"_full":{"_easing":"default","_scaleIn":{"_from":50,"_isEnabled":false},"_fadeIn":{"_from":0,"_isEnabled":false},"_slideInY":{"_from":50,"_isReverseDirection":false,"_isEnabled":false},"_slideInX":{"_from":50,"_isReverseDirection":false,"_isEnabled":false},"_isEnabled":false}},"_componentsVerticalAlignment":"top","_singleWidthIsCentered":true,"_singleWidthComponentLayout":"default","_classes":"","title":"New Block Title","_evolveTags":[],"_updatedAt":"2019-07-31T10:00:53.093Z","_createdAt":"2019-07-31T10:00:53.093Z","_type":"block","_courseOrder":"1-1-1","_isVisible":true,"_childrenIds":["5d4166d5cc85e20d39f9b78b"]},{"_id":"5dca750e0a7b5e32fa87f81c","_courseId":"5d4166d4cc85e20d39f9b73c","_parentId":"5dca750e0a7b5e32fa87f81b","_sortOrder":0,"_createdBy":"5bb390fed459f65d262aa3b3","__v":0,"_refId":"5dca750e0a7b5e32fa87f81c","_search":{"_searchTagIds":[]},"_courseAttainment":{"_isEnabled":false},"_animations":{"_right":{"_easing":"default","_scaleIn":{"_from":50,"_isEnabled":false},"_fadeIn":{"_from":0,"_isEnabled":false},"_slideInY":{"_from":50,"_isReverseDirection":false,"_isEnabled":false},"_slideInX":{"_from":50,"_isReverseDirection":false,"_isEnabled":false},"_isEnabled":false},"_left":{"_easing":"default","_scaleIn":{"_from":50,"_isEnabled":false},"_fadeIn":{"_from":0,"_isEnabled":false},"_slideInY":{"_from":50,"_isReverseDirection":false,"_isEnabled":false},"_slideInX":{"_from":50,"_isReverseDirection":false,"_isEnabled":false},"_isEnabled":false},"_full":{"_easing":"default","_scaleIn":{"_from":50,"_isEnabled":false},"_fadeIn":{"_from":0,"_isEnabled":false},"_slideInY":{"_from":50,"_isReverseDirection":false,"_isEnabled":false},"_slideInX":{"_from":50,"_isReverseDirection":false,"_isEnabled":false},"_isEnabled":false}},"_componentsVerticalAlignment":"top","_singleWidthIsCentered":true,"_singleWidthComponentLayout":"default","_classes":"","title":"New Block Title","_evolveTags":[],"_updatedAt":"2019-11-12T09:02:06.384Z","_createdAt":"2019-11-12T09:02:06.384Z","_type":"block","_courseOrder":"1-2-0","_isVisible":true,"_childrenIds":["5dca840c0a7b5e32fa87f84a"]},{"_id":"5dca76c30a7b5e32fa87f828","_sortOrder":1,"_parentId":"5dca750e0a7b5e32fa87f81b","_courseId":"5d4166d4cc85e20d39f9b73c","_createdBy":"5bb390fed459f65d262aa3b3","__v":0,"_refId":"5dca76c30a7b5e32fa87f828","_updatedBy":"5bb390fed459f65d262aa3b3","_search":{"_searchTagIds":[]},"_courseAttainment":{"_isEnabled":false},"_animations":{"_right":{"_easing":"default","_scaleIn":{"_from":50,"_isEnabled":false},"_fadeIn":{"_from":0,"_isEnabled":false},"_slideInY":{"_from":50,"_isReverseDirection":false,"_isEnabled":false},"_slideInX":{"_from":50,"_isReverseDirection":false,"_isEnabled":false},"_isEnabled":false},"_left":{"_easing":"default","_scaleIn":{"_from":50,"_isEnabled":false},"_fadeIn":{"_from":0,"_isEnabled":false},"_slideInY":{"_from":50,"_isReverseDirection":false,"_isEnabled":false},"_slideInX":{"_from":50,"_isReverseDirection":false,"_isEnabled":false},"_isEnabled":false},"_full":{"_easing":"default","_scaleIn":{"_from":50,"_isEnabled":false},"_fadeIn":{"_from":0,"_isEnabled":false},"_slideInY":{"_from":50,"_isReverseDirection":false,"_isEnabled":false},"_slideInX":{"_from":50,"_isReverseDirection":false,"_isEnabled":false},"_isEnabled":false}},"_componentsVerticalAlignment":"top","_singleWidthIsCentered":true,"_singleWidthComponentLayout":"default","_classes":"","title":"New Block Title","_evolveTags":[],"_updatedAt":"2019-11-12T11:07:40.752Z","_createdAt":"2019-11-12T09:09:23.485Z","_type":"block","_courseOrder":"1-2-1","_isVisible":true,"_childrenIds":["5dca77200a7b5e32fa87f82e"]},{"_id":"5d4166d5cc85e20d39f9b78e","_courseId":"5d4166d4cc85e20d39f9b73c","_parentId":"5d4166d5cc85e20d39f9b78d","_sortOrder":0,"__v":0,"_refId":"5c90b84d95c1bf3478ee3202","displayTitle":"","_updatedBy":"5bb390fed459f65d262aa3b3","_search":{"_searchTagIds":[]},"_courseAttainment":{"_isEnabled":false},"_animations":{"_right":{"_easing":"default","_scaleIn":{"_from":50,"_isEnabled":false},"_fadeIn":{"_from":0,"_isEnabled":false},"_slideInY":{"_from":50,"_isReverseDirection":false,"_isEnabled":false},"_slideInX":{"_from":50,"_isReverseDirection":false,"_isEnabled":false},"_isEnabled":false},"_left":{"_easing":"default","_scaleIn":{"_from":50,"_isEnabled":false},"_fadeIn":{"_from":0,"_isEnabled":false},"_slideInY":{"_from":50,"_isReverseDirection":false,"_isEnabled":false},"_slideInX":{"_from":50,"_isReverseDirection":false,"_isEnabled":false},"_isEnabled":false},"_full":{"_easing":"default","_scaleIn":{"_from":50,"_isEnabled":false},"_fadeIn":{"_from":0,"_isEnabled":false},"_slideInY":{"_from":50,"_isReverseDirection":false,"_isEnabled":false},"_slideInX":{"_from":50,"_isReverseDirection":false,"_isEnabled":false},"_isEnabled":false}},"_componentsVerticalAlignment":"top","_singleWidthIsCentered":true,"_singleWidthComponentLayout":"default","_classes":"","title":"New Block Title","_evolveTags":[],"_updatedAt":"2019-11-12T11:15:53.587Z","_createdAt":"2019-07-31T10:00:53.124Z","_type":"block","_courseOrder":"1-3-0","_isVisible":true,"_childrenIds":["5d4166d5cc85e20d39f9b78f"]},{"_id":"5d4166d5cc85e20d39f9b791","_sortOrder":0,"_parentId":"5d4166d5cc85e20d39f9b790","_courseId":"5d4166d4cc85e20d39f9b73c","__v":0,"_refId":"5c9e0c6e3a0d766acdd32260","_search":{"_searchTagIds":[]},"_courseAttainment":{"_isEnabled":false},"_animations":{"_right":{"_easing":"default","_scaleIn":{"_from":50,"_isEnabled":false},"_fadeIn":{"_from":0,"_isEnabled":false},"_slideInY":{"_from":50,"_isReverseDirection":false,"_isEnabled":false},"_slideInX":{"_from":50,"_isReverseDirection":false,"_isEnabled":false},"_isEnabled":false},"_left":{"_easing":"default","_scaleIn":{"_from":50,"_isEnabled":false},"_fadeIn":{"_from":0,"_isEnabled":false},"_slideInY":{"_from":50,"_isReverseDirection":false,"_isEnabled":false},"_slideInX":{"_from":50,"_isReverseDirection":false,"_isEnabled":false},"_isEnabled":false},"_full":{"_easing":"default","_scaleIn":{"_from":50,"_isEnabled":false},"_fadeIn":{"_from":0,"_isEnabled":false},"_slideInY":{"_from":50,"_isReverseDirection":false,"_isEnabled":false},"_slideInX":{"_from":50,"_isReverseDirection":false,"_isEnabled":false},"_isEnabled":false}},"_componentsVerticalAlignment":"top","_singleWidthIsCentered":true,"_singleWidthComponentLayout":"default","_classes":"","title":"New Block Title","_evolveTags":[],"_updatedAt":"2019-07-31T10:00:53.154Z","_createdAt":"2019-07-31T10:00:53.154Z","_type":"block","_courseOrder":"1-4-0","_isVisible":false},{"_id":"5d4166d5cc85e20d39f9b793","_courseId":"5d4166d4cc85e20d39f9b73c","_parentId":"5d4166d5cc85e20d39f9b790","_sortOrder":1,"__v":0,"_refId":"5c9e0c953a0d766acdd32265","_search":{"_searchTagIds":[]},"_courseAttainment":{"_isEnabled":false},"_animations":{"_right":{"_easing":"default","_scaleIn":{"_from":50,"_isEnabled":false},"_fadeIn":{"_from":0,"_isEnabled":false},"_slideInY":{"_from":50,"_isReverseDirection":false,"_isEnabled":false},"_slideInX":{"_from":50,"_isReverseDirection":false,"_isEnabled":false},"_isEnabled":false},"_left":{"_easing":"default","_scaleIn":{"_from":50,"_isEnabled":false},"_fadeIn":{"_from":0,"_isEnabled":false},"_slideInY":{"_from":50,"_isReverseDirection":false,"_isEnabled":false},"_slideInX":{"_from":50,"_isReverseDirection":false,"_isEnabled":false},"_isEnabled":false},"_full":{"_easing":"default","_scaleIn":{"_from":50,"_isEnabled":false},"_fadeIn":{"_from":0,"_isEnabled":false},"_slideInY":{"_from":50,"_isReverseDirection":false,"_isEnabled":false},"_slideInX":{"_from":50,"_isReverseDirection":false,"_isEnabled":false},"_isEnabled":false}},"_componentsVerticalAlignment":"top","_singleWidthIsCentered":true,"_singleWidthComponentLayout":"default","_classes":"","title":"New Block Title","_evolveTags":[],"_updatedAt":"2019-07-31T10:00:53.165Z","_createdAt":"2019-07-31T10:00:53.165Z","_type":"block","_courseOrder":"1-4-1","_isVisible":false},{"_id":"5d4166d5cc85e20d39f9b797","_courseId":"5d4166d4cc85e20d39f9b73c","_parentId":"5d4166d5cc85e20d39f9b796","_sortOrder":0,"__v":0,"_refId":"5c61594ff6b4af27956ef258","body":"<p>Click or tap the images to open the accompanying text.</p>","_search":{"_searchTagIds":[]},"_courseAttainment":{"_isEnabled":false},"_animations":{"_right":{"_easing":"default","_scaleIn":{"_from":50,"_isEnabled":false},"_fadeIn":{"_from":0,"_isEnabled":false},"_slideInY":{"_from":50,"_isReverseDirection":false,"_isEnabled":false},"_slideInX":{"_from":50,"_isReverseDirection":false,"_isEnabled":false},"_isEnabled":false},"_left":{"_easing":"default","_scaleIn":{"_from":50,"_isEnabled":false},"_fadeIn":{"_from":0,"_isEnabled":false},"_slideInY":{"_from":50,"_isReverseDirection":false,"_isEnabled":false},"_slideInX":{"_from":50,"_isReverseDirection":false,"_isEnabled":false},"_isEnabled":false},"_full":{"_easing":"default","_scaleIn":{"_from":50,"_isEnabled":false},"_fadeIn":{"_from":0,"_isEnabled":false},"_slideInY":{"_from":50,"_isReverseDirection":false,"_isEnabled":false},"_slideInX":{"_from":50,"_isReverseDirection":false,"_isEnabled":false},"_isEnabled":false}},"_componentsVerticalAlignment":"top","_singleWidthIsCentered":true,"_singleWidthComponentLayout":"default","_classes":"","title":"New Block Title","_evolveTags":[],"_updatedAt":"2019-07-31T10:00:53.203Z","_createdAt":"2019-07-31T10:00:53.203Z","_type":"block","_courseOrder":"2-0-0","_isVisible":true,"_childrenIds":["5d4166d5cc85e20d39f9b798"]},{"_id":"5d4166d5cc85e20d39f9b79f","_courseId":"5d4166d4cc85e20d39f9b73c","_parentId":"5d4166d5cc85e20d39f9b79e","_sortOrder":0,"__v":0,"_refId":"5ca325d78c606d05f521fa62","_search":{"_searchTagIds":[]},"_courseAttainment":{"_isEnabled":false},"_animations":{"_right":{"_easing":"default","_scaleIn":{"_from":50,"_isEnabled":false},"_fadeIn":{"_from":0,"_isEnabled":false},"_slideInY":{"_from":50,"_isReverseDirection":false,"_isEnabled":false},"_slideInX":{"_from":50,"_isReverseDirection":false,"_isEnabled":false},"_isEnabled":false},"_left":{"_easing":"default","_scaleIn":{"_from":50,"_isEnabled":false},"_fadeIn":{"_from":0,"_isEnabled":false},"_slideInY":{"_from":50,"_isReverseDirection":false,"_isEnabled":false},"_slideInX":{"_from":50,"_isReverseDirection":false,"_isEnabled":false},"_isEnabled":false},"_full":{"_easing":"default","_scaleIn":{"_from":50,"_isEnabled":false},"_fadeIn":{"_from":0,"_isEnabled":false},"_slideInY":{"_from":50,"_isReverseDirection":false,"_isEnabled":false},"_slideInX":{"_from":50,"_isReverseDirection":false,"_isEnabled":false},"_isEnabled":false}},"_componentsVerticalAlignment":"top","_singleWidthIsCentered":true,"_singleWidthComponentLayout":"default","_classes":"","title":"New Block Title","_evolveTags":[],"_updatedAt":"2019-07-31T10:00:53.268Z","_createdAt":"2019-07-31T10:00:53.268Z","_type":"block","_courseOrder":"2-1-0","_isVisible":true,"_childrenIds":["5d4166d5cc85e20d39f9b7a0"]},{"_id":"5d4166d5cc85e20d39f9b79c","_courseId":"5d4166d4cc85e20d39f9b73c","_parentId":"5d4166d5cc85e20d39f9b79b","_sortOrder":0,"__v":0,"_refId":"5c98f76b2b507a2249727a37","_search":{"_searchTagIds":[]},"_courseAttainment":{"_isEnabled":false},"_animations":{"_right":{"_easing":"default","_scaleIn":{"_from":50,"_isEnabled":false},"_fadeIn":{"_from":0,"_isEnabled":false},"_slideInY":{"_from":50,"_isReverseDirection":false,"_isEnabled":false},"_slideInX":{"_from":50,"_isReverseDirection":false,"_isEnabled":false},"_isEnabled":false},"_left":{"_easing":"default","_scaleIn":{"_from":50,"_isEnabled":false},"_fadeIn":{"_from":0,"_isEnabled":false},"_slideInY":{"_from":50,"_isReverseDirection":false,"_isEnabled":false},"_slideInX":{"_from":50,"_isReverseDirection":false,"_isEnabled":false},"_isEnabled":false},"_full":{"_easing":"default","_scaleIn":{"_from":50,"_isEnabled":false},"_fadeIn":{"_from":0,"_isEnabled":false},"_slideInY":{"_from":50,"_isReverseDirection":false,"_isEnabled":false},"_slideInX":{"_from":50,"_isReverseDirection":false,"_isEnabled":false},"_isEnabled":false}},"_componentsVerticalAlignment":"top","_singleWidthIsCentered":true,"_singleWidthComponentLayout":"default","_classes":"","title":"New Block Title","_evolveTags":[],"_updatedAt":"2019-07-31T10:00:53.241Z","_createdAt":"2019-07-31T10:00:53.241Z","_type":"block","_courseOrder":"2-2-0","_isVisible":true,"_childrenIds":["5d4166d5cc85e20d39f9b79d"]},{"_id":"5d4166d5cc85e20d39f9b7a2","_courseId":"5d4166d4cc85e20d39f9b73c","_parentId":"5d4166d5cc85e20d39f9b7a1","_sortOrder":0,"__v":0,"_refId":"5caf087514c1de66613423df","_search":{"_searchTagIds":[]},"_courseAttainment":{"_isEnabled":false},"_animations":{"_right":{"_easing":"default","_scaleIn":{"_from":50,"_isEnabled":false},"_fadeIn":{"_from":0,"_isEnabled":false},"_slideInY":{"_from":50,"_isReverseDirection":false,"_isEnabled":false},"_slideInX":{"_from":50,"_isReverseDirection":false,"_isEnabled":false},"_isEnabled":false},"_left":{"_easing":"default","_scaleIn":{"_from":50,"_isEnabled":false},"_fadeIn":{"_from":0,"_isEnabled":false},"_slideInY":{"_from":50,"_isReverseDirection":false,"_isEnabled":false},"_slideInX":{"_from":50,"_isReverseDirection":false,"_isEnabled":false},"_isEnabled":false},"_full":{"_easing":"default","_scaleIn":{"_from":50,"_isEnabled":false},"_fadeIn":{"_from":0,"_isEnabled":false},"_slideInY":{"_from":50,"_isReverseDirection":false,"_isEnabled":false},"_slideInX":{"_from":50,"_isReverseDirection":false,"_isEnabled":false},"_isEnabled":false}},"_componentsVerticalAlignment":"top","_singleWidthIsCentered":true,"_singleWidthComponentLayout":"default","_classes":"","title":"New Block Title","_evolveTags":[],"_updatedAt":"2019-07-31T10:00:53.297Z","_createdAt":"2019-07-31T10:00:53.297Z","_type":"block","_courseOrder":"2-3-0","_isVisible":false},{"_id":"5d4166d5cc85e20d39f9b7d6","_courseId":"5d4166d4cc85e20d39f9b73c","_parentId":"5d4166d5cc85e20d39f9b7d5","_sortOrder":0,"__v":0,"_refId":"5c9ca6a59edd9c421da5fe3c","_search":{"_searchTagIds":[]},"_courseAttainment":{"_isEnabled":false},"_animations":{"_right":{"_easing":"default","_scaleIn":{"_from":50,"_isEnabled":false},"_fadeIn":{"_from":0,"_isEnabled":false},"_slideInY":{"_from":50,"_isReverseDirection":false,"_isEnabled":false},"_slideInX":{"_from":50,"_isReverseDirection":false,"_isEnabled":false},"_isEnabled":false},"_left":{"_easing":"default","_scaleIn":{"_from":50,"_isEnabled":false},"_fadeIn":{"_from":0,"_isEnabled":false},"_slideInY":{"_from":50,"_isReverseDirection":false,"_isEnabled":false},"_slideInX":{"_from":50,"_isReverseDirection":false,"_isEnabled":false},"_isEnabled":false},"_full":{"_easing":"default","_scaleIn":{"_from":50,"_isEnabled":false},"_fadeIn":{"_from":0,"_isEnabled":false},"_slideInY":{"_from":50,"_isReverseDirection":false,"_isEnabled":false},"_slideInX":{"_from":50,"_isReverseDirection":false,"_isEnabled":false},"_isEnabled":false}},"_componentsVerticalAlignment":"top","_singleWidthIsCentered":true,"_singleWidthComponentLayout":"default","_classes":"","title":"New Block Title","_evolveTags":[],"_updatedAt":"2019-07-31T10:00:53.836Z","_createdAt":"2019-07-31T10:00:53.836Z","_type":"block","_courseOrder":"3-0-0","_isVisible":true,"_childrenIds":["5d4166d5cc85e20d39f9b7d7"]},{"_id":"5d4166d5cc85e20d39f9b7d8","_sortOrder":1,"_parentId":"5d4166d5cc85e20d39f9b7d5","_courseId":"5d4166d4cc85e20d39f9b73c","__v":0,"_refId":"5c9ca7949edd9c421da5fe40","_search":{"_searchTagIds":[]},"_courseAttainment":{"_isEnabled":false},"_animations":{"_right":{"_easing":"default","_scaleIn":{"_from":50,"_isEnabled":false},"_fadeIn":{"_from":0,"_isEnabled":false},"_slideInY":{"_from":50,"_isReverseDirection":false,"_isEnabled":false},"_slideInX":{"_from":50,"_isReverseDirection":false,"_isEnabled":false},"_isEnabled":false},"_left":{"_easing":"default","_scaleIn":{"_from":50,"_isEnabled":false},"_fadeIn":{"_from":0,"_isEnabled":false},"_slideInY":{"_from":50,"_isReverseDirection":false,"_isEnabled":false},"_slideInX":{"_from":50,"_isReverseDirection":false,"_isEnabled":false},"_isEnabled":false},"_full":{"_easing":"default","_scaleIn":{"_from":50,"_isEnabled":false},"_fadeIn":{"_from":0,"_isEnabled":false},"_slideInY":{"_from":50,"_isReverseDirection":false,"_isEnabled":false},"_slideInX":{"_from":50,"_isReverseDirection":false,"_isEnabled":false},"_isEnabled":false}},"_componentsVerticalAlignment":"top","_singleWidthIsCentered":true,"_singleWidthComponentLayout":"default","_classes":"","title":"New Block Title","_evolveTags":[],"_updatedAt":"2019-07-31T10:00:53.845Z","_createdAt":"2019-07-31T10:00:53.845Z","_type":"block","_courseOrder":"3-0-1","_isVisible":true,"_childrenIds":["5d4166d5cc85e20d39f9b7d9"]},{"_id":"5d4166d5cc85e20d39f9b7db","_courseId":"5d4166d4cc85e20d39f9b73c","_parentId":"5d4166d5cc85e20d39f9b7da","_sortOrder":0,"__v":0,"_refId":"5c9cb7d09edd9c421da5fe63","_search":{"_searchTagIds":[]},"_courseAttainment":{"_isEnabled":false},"_animations":{"_right":{"_easing":"default","_scaleIn":{"_from":50,"_isEnabled":false},"_fadeIn":{"_from":0,"_isEnabled":false},"_slideInY":{"_from":50,"_isReverseDirection":false,"_isEnabled":false},"_slideInX":{"_from":50,"_isReverseDirection":false,"_isEnabled":false},"_isEnabled":false},"_left":{"_easing":"default","_scaleIn":{"_from":50,"_isEnabled":false},"_fadeIn":{"_from":0,"_isEnabled":false},"_slideInY":{"_from":50,"_isReverseDirection":false,"_isEnabled":false},"_slideInX":{"_from":50,"_isReverseDirection":false,"_isEnabled":false},"_isEnabled":false},"_full":{"_easing":"default","_scaleIn":{"_from":50,"_isEnabled":false},"_fadeIn":{"_from":0,"_isEnabled":false},"_slideInY":{"_from":50,"_isReverseDirection":false,"_isEnabled":false},"_slideInX":{"_from":50,"_isReverseDirection":false,"_isEnabled":false},"_isEnabled":false}},"_componentsVerticalAlignment":"top","_singleWidthIsCentered":true,"_singleWidthComponentLayout":"default","_classes":"","title":"New Block Title","_evolveTags":[],"_updatedAt":"2019-07-31T10:00:53.871Z","_createdAt":"2019-07-31T10:00:53.871Z","_type":"block","_courseOrder":"3-1-0","_isVisible":true,"_childrenIds":["5d4166d5cc85e20d39f9b7dc"]},{"_id":"5d4166d5cc85e20d39f9b7b9","_courseId":"5d4166d4cc85e20d39f9b73c","_parentId":"5d4166d5cc85e20d39f9b7b8","_sortOrder":0,"__v":0,"_refId":"5c78055838c3cf54ce28d553","_search":{"_searchTagIds":[]},"_courseAttainment":{"_isEnabled":false},"_animations":{"_right":{"_easing":"default","_scaleIn":{"_from":50,"_isEnabled":false},"_fadeIn":{"_from":0,"_isEnabled":false},"_slideInY":{"_from":50,"_isReverseDirection":false,"_isEnabled":false},"_slideInX":{"_from":50,"_isReverseDirection":false,"_isEnabled":false},"_isEnabled":false},"_left":{"_easing":"default","_scaleIn":{"_from":50,"_isEnabled":false},"_fadeIn":{"_from":0,"_isEnabled":false},"_slideInY":{"_from":50,"_isReverseDirection":false,"_isEnabled":false},"_slideInX":{"_from":50,"_isReverseDirection":false,"_isEnabled":false},"_isEnabled":false},"_full":{"_easing":"default","_scaleIn":{"_from":50,"_isEnabled":false},"_fadeIn":{"_from":0,"_isEnabled":false},"_slideInY":{"_from":50,"_isReverseDirection":false,"_isEnabled":false},"_slideInX":{"_from":50,"_isReverseDirection":false,"_isEnabled":false},"_isEnabled":false}},"_componentsVerticalAlignment":"top","_singleWidthIsCentered":true,"_singleWidthComponentLayout":"two-thirds-right","_classes":"","title":"New Block Title","_evolveTags":[],"_updatedAt":"2019-07-31T10:00:53.519Z","_createdAt":"2019-07-31T10:00:53.519Z","_type":"block","_courseOrder":"4-0-0","_isVisible":true,"_childrenIds":["5d4166d5cc85e20d39f9b7ba"]},{"_id":"5d4166d5cc85e20d39f9b7b5","_courseId":"5d4166d4cc85e20d39f9b73c","_parentId":"5d4166d5cc85e20d39f9b7b4","_sortOrder":0,"__v":0,"_refId":"5c62b01747d95560efada451","_search":{"_searchTagIds":[]},"_courseAttainment":{"_isEnabled":false},"_animations":{"_right":{"_easing":"default","_scaleIn":{"_from":50,"_isEnabled":false},"_fadeIn":{"_from":0,"_isEnabled":false},"_slideInY":{"_from":50,"_isReverseDirection":false,"_isEnabled":false},"_slideInX":{"_from":50,"_isReverseDirection":false,"_isEnabled":false},"_isEnabled":false},"_left":{"_easing":"default","_scaleIn":{"_from":50,"_isEnabled":false},"_fadeIn":{"_from":0,"_isEnabled":false},"_slideInY":{"_from":50,"_isReverseDirection":false,"_isEnabled":false},"_slideInX":{"_from":50,"_isReverseDirection":false,"_isEnabled":false},"_isEnabled":false},"_full":{"_easing":"default","_scaleIn":{"_from":50,"_isEnabled":false},"_fadeIn":{"_from":0,"_isEnabled":false},"_slideInY":{"_from":50,"_isReverseDirection":false,"_isEnabled":false},"_slideInX":{"_from":50,"_isReverseDirection":false,"_isEnabled":false},"_isEnabled":false}},"_componentsVerticalAlignment":"top","_singleWidthIsCentered":true,"_singleWidthComponentLayout":"default","_classes":"","title":"New Block Title","_evolveTags":[],"_updatedAt":"2019-07-31T10:00:53.473Z","_createdAt":"2019-07-31T10:00:53.473Z","_type":"block","_courseOrder":"4-1-0","_isVisible":true,"_childrenIds":["5d4166d5cc85e20d39f9b7b6","5d4166d5cc85e20d39f9b7b7"]},{"_id":"5d4166d5cc85e20d39f9b7bd","_courseId":"5d4166d4cc85e20d39f9b73c","_parentId":"5d4166d5cc85e20d39f9b7bc","_sortOrder":0,"__v":0,"_refId":"5c98e53d2b507a2249727a12","_search":{"_searchTagIds":[]},"_courseAttainment":{"_isEnabled":false},"_animations":{"_right":{"_easing":"default","_scaleIn":{"_from":50,"_isEnabled":false},"_fadeIn":{"_from":0,"_isEnabled":false},"_slideInY":{"_from":50,"_isReverseDirection":false,"_isEnabled":false},"_slideInX":{"_from":50,"_isReverseDirection":false,"_isEnabled":false},"_isEnabled":false},"_left":{"_easing":"default","_scaleIn":{"_from":50,"_isEnabled":false},"_fadeIn":{"_from":0,"_isEnabled":false},"_slideInY":{"_from":50,"_isReverseDirection":false,"_isEnabled":false},"_slideInX":{"_from":50,"_isReverseDirection":false,"_isEnabled":false},"_isEnabled":false},"_full":{"_easing":"default","_scaleIn":{"_from":50,"_isEnabled":false},"_fadeIn":{"_from":0,"_isEnabled":false},"_slideInY":{"_from":50,"_isReverseDirection":false,"_isEnabled":false},"_slideInX":{"_from":50,"_isReverseDirection":false,"_isEnabled":false},"_isEnabled":false}},"_componentsVerticalAlignment":"top","_singleWidthIsCentered":true,"_singleWidthComponentLayout":"default","_classes":"","title":"New Block Title","_evolveTags":[],"_updatedAt":"2019-07-31T10:00:53.550Z","_createdAt":"2019-07-31T10:00:53.550Z","_type":"block","_courseOrder":"4-2-0","_isVisible":true,"_childrenIds":["5d4166d5cc85e20d39f9b7be"]},{"_id":"5d4166d5cc85e20d39f9b7bf","_sortOrder":1,"_parentId":"5d4166d5cc85e20d39f9b7bc","_courseId":"5d4166d4cc85e20d39f9b73c","__v":0,"_refId":"5c9a3b23cce4e45028b87ef9","_search":{"_searchTagIds":[]},"_courseAttainment":{"_isEnabled":false},"_animations":{"_right":{"_easing":"default","_scaleIn":{"_from":50,"_isEnabled":false},"_fadeIn":{"_from":0,"_isEnabled":false},"_slideInY":{"_from":50,"_isReverseDirection":false,"_isEnabled":false},"_slideInX":{"_from":50,"_isReverseDirection":false,"_isEnabled":false},"_isEnabled":false},"_left":{"_easing":"default","_scaleIn":{"_from":50,"_isEnabled":false},"_fadeIn":{"_from":0,"_isEnabled":false},"_slideInY":{"_from":50,"_isReverseDirection":false,"_isEnabled":false},"_slideInX":{"_from":50,"_isReverseDirection":false,"_isEnabled":false},"_isEnabled":false},"_full":{"_easing":"default","_scaleIn":{"_from":50,"_isEnabled":false},"_fadeIn":{"_from":0,"_isEnabled":false},"_slideInY":{"_from":50,"_isReverseDirection":false,"_isEnabled":false},"_slideInX":{"_from":50,"_isReverseDirection":false,"_isEnabled":false},"_isEnabled":false}},"_componentsVerticalAlignment":"top","_singleWidthIsCentered":true,"_singleWidthComponentLayout":"default","_classes":"","title":"New Block Title","_evolveTags":[],"_updatedAt":"2019-07-31T10:00:53.561Z","_createdAt":"2019-07-31T10:00:53.561Z","_type":"block","_courseOrder":"4-2-1","_isVisible":true,"_childrenIds":["5d4166d5cc85e20d39f9b7c0"]},{"_id":"5d4166d5cc85e20d39f9b7c2","_courseId":"5d4166d4cc85e20d39f9b73c","_parentId":"5d4166d5cc85e20d39f9b7c1","_sortOrder":0,"__v":0,"_refId":"5c9a122bcce4e45028b87e33","_search":{"_searchTagIds":[]},"_courseAttainment":{"_isEnabled":false},"_animations":{"_right":{"_easing":"default","_scaleIn":{"_from":50,"_isEnabled":false},"_fadeIn":{"_from":0,"_isEnabled":false},"_slideInY":{"_from":50,"_isReverseDirection":false,"_isEnabled":false},"_slideInX":{"_from":50,"_isReverseDirection":false,"_isEnabled":false},"_isEnabled":false},"_left":{"_easing":"default","_scaleIn":{"_from":50,"_isEnabled":false},"_fadeIn":{"_from":0,"_isEnabled":false},"_slideInY":{"_from":50,"_isReverseDirection":false,"_isEnabled":false},"_slideInX":{"_from":50,"_isReverseDirection":false,"_isEnabled":false},"_isEnabled":false},"_full":{"_easing":"default","_scaleIn":{"_from":50,"_isEnabled":false},"_fadeIn":{"_from":0,"_isEnabled":false},"_slideInY":{"_from":50,"_isReverseDirection":false,"_isEnabled":false},"_slideInX":{"_from":50,"_isReverseDirection":false,"_isEnabled":false},"_isEnabled":false}},"_componentsVerticalAlignment":"top","_singleWidthIsCentered":true,"_singleWidthComponentLayout":"default","_classes":"","title":"New Block Title","_evolveTags":[],"_updatedAt":"2019-07-31T10:00:53.584Z","_createdAt":"2019-07-31T10:00:53.584Z","_type":"block","_courseOrder":"4-3-0","_isVisible":true,"_childrenIds":["5d4166d5cc85e20d39f9b7c3"]},{"_id":"5d4166d5cc85e20d39f9b7a9","_sortOrder":0,"_parentId":"5d4166d5cc85e20d39f9b7a6","_courseId":"5d4166d4cc85e20d39f9b73c","__v":0,"_refId":"5c9a3b9fcce4e45028b87f02","_search":{"_searchTagIds":[]},"_courseAttainment":{"_isEnabled":false},"_animations":{"_right":{"_easing":"default","_scaleIn":{"_from":50,"_isEnabled":false},"_fadeIn":{"_from":0,"_isEnabled":false},"_slideInY":{"_from":50,"_isReverseDirection":false,"_isEnabled":false},"_slideInX":{"_from":50,"_isReverseDirection":false,"_isEnabled":false},"_isEnabled":false},"_left":{"_easing":"default","_scaleIn":{"_from":50,"_isEnabled":false},"_fadeIn":{"_from":0,"_isEnabled":false},"_slideInY":{"_from":50,"_isReverseDirection":false,"_isEnabled":false},"_slideInX":{"_from":50,"_isReverseDirection":false,"_isEnabled":false},"_isEnabled":false},"_full":{"_easing":"default","_scaleIn":{"_from":50,"_isEnabled":false},"_fadeIn":{"_from":0,"_isEnabled":false},"_slideInY":{"_from":50,"_isReverseDirection":false,"_isEnabled":false},"_slideInX":{"_from":50,"_isReverseDirection":false,"_isEnabled":false},"_isEnabled":false}},"_componentsVerticalAlignment":"top","_singleWidthIsCentered":true,"_singleWidthComponentLayout":"default","_classes":"","title":"New Block Title","_evolveTags":[],"_updatedAt":"2019-07-31T10:00:53.365Z","_createdAt":"2019-07-31T10:00:53.365Z","_type":"block","_courseOrder":"5-0-0","_isVisible":true,"_childrenIds":["5d4166d5cc85e20d39f9b7aa"]},{"_id":"5d4166d5cc85e20d39f9b7a7","_courseId":"5d4166d4cc85e20d39f9b73c","_parentId":"5d4166d5cc85e20d39f9b7a6","_sortOrder":1,"__v":0,"_refId":"5c62985d47d95560efada430","_search":{"_searchTagIds":[]},"_courseAttainment":{"_isEnabled":false},"_animations":{"_right":{"_easing":"default","_scaleIn":{"_from":50,"_isEnabled":false},"_fadeIn":{"_from":0,"_isEnabled":false},"_slideInY":{"_from":50,"_isReverseDirection":false,"_isEnabled":false},"_slideInX":{"_from":50,"_isReverseDirection":false,"_isEnabled":false},"_isEnabled":false},"_left":{"_easing":"default","_scaleIn":{"_from":50,"_isEnabled":false},"_fadeIn":{"_from":0,"_isEnabled":false},"_slideInY":{"_from":50,"_isReverseDirection":false,"_isEnabled":false},"_slideInX":{"_from":50,"_isReverseDirection":false,"_isEnabled":false},"_isEnabled":false},"_full":{"_easing":"default","_scaleIn":{"_from":50,"_isEnabled":false},"_fadeIn":{"_from":0,"_isEnabled":false},"_slideInY":{"_from":50,"_isReverseDirection":false,"_isEnabled":false},"_slideInX":{"_from":50,"_isReverseDirection":false,"_isEnabled":false},"_isEnabled":false}},"_componentsVerticalAlignment":"top","_singleWidthIsCentered":true,"_singleWidthComponentLayout":"default","_classes":"","title":"New Block Title","_evolveTags":[],"_updatedAt":"2019-07-31T10:00:53.351Z","_createdAt":"2019-07-31T10:00:53.351Z","_type":"block","_courseOrder":"5-0-1","_isVisible":true,"_childrenIds":["5d4166d5cc85e20d39f9b7a8"]},{"_id":"5d4166d5cc85e20d39f9b7ac","_sortOrder":0,"_parentId":"5d4166d5cc85e20d39f9b7ab","_courseId":"5d4166d4cc85e20d39f9b73c","__v":0,"_refId":"5c62a21047d95560efada441","displayTitle":"Uploading your video to your Panopto account","_search":{"_searchTagIds":[]},"_courseAttainment":{"_isEnabled":false},"_animations":{"_right":{"_easing":"default","_scaleIn":{"_from":50,"_isEnabled":false},"_fadeIn":{"_from":0,"_isEnabled":false},"_slideInY":{"_from":50,"_isReverseDirection":false,"_isEnabled":false},"_slideInX":{"_from":50,"_isReverseDirection":false,"_isEnabled":false},"_isEnabled":false},"_left":{"_easing":"default","_scaleIn":{"_from":50,"_isEnabled":false},"_fadeIn":{"_from":0,"_isEnabled":false},"_slideInY":{"_from":50,"_isReverseDirection":false,"_isEnabled":false},"_slideInX":{"_from":50,"_isReverseDirection":false,"_isEnabled":false},"_isEnabled":false},"_full":{"_easing":"default","_scaleIn":{"_from":50,"_isEnabled":false},"_fadeIn":{"_from":0,"_isEnabled":false},"_slideInY":{"_from":50,"_isReverseDirection":false,"_isEnabled":false},"_slideInX":{"_from":50,"_isReverseDirection":false,"_isEnabled":false},"_isEnabled":false}},"_componentsVerticalAlignment":"top","_singleWidthIsCentered":true,"_singleWidthComponentLayout":"default","_classes":"","title":"New Block Title","_evolveTags":[],"_updatedAt":"2019-07-31T10:00:53.391Z","_createdAt":"2019-07-31T10:00:53.391Z","_type":"block","_courseOrder":"5-1-0","_isVisible":true,"_childrenIds":["5d4166d5cc85e20d39f9b7ad"]},{"_id":"5d4166d5cc85e20d39f9b7b1","_courseId":"5d4166d4cc85e20d39f9b73c","_parentId":"5d4166d5cc85e20d39f9b7b0","_sortOrder":0,"__v":0,"_refId":"5c98f7ca2b507a2249727a40","_search":{"_searchTagIds":[]},"_courseAttainment":{"_isEnabled":false},"_animations":{"_right":{"_easing":"default","_scaleIn":{"_from":50,"_isEnabled":false},"_fadeIn":{"_from":0,"_isEnabled":false},"_slideInY":{"_from":50,"_isReverseDirection":false,"_isEnabled":false},"_slideInX":{"_from":50,"_isReverseDirection":false,"_isEnabled":false},"_isEnabled":false},"_left":{"_easing":"default","_scaleIn":{"_from":50,"_isEnabled":false},"_fadeIn":{"_from":0,"_isEnabled":false},"_slideInY":{"_from":50,"_isReverseDirection":false,"_isEnabled":false},"_slideInX":{"_from":50,"_isReverseDirection":false,"_isEnabled":false},"_isEnabled":false},"_full":{"_easing":"default","_scaleIn":{"_from":50,"_isEnabled":false},"_fadeIn":{"_from":0,"_isEnabled":false},"_slideInY":{"_from":50,"_isReverseDirection":false,"_isEnabled":false},"_slideInX":{"_from":50,"_isReverseDirection":false,"_isEnabled":false},"_isEnabled":false}},"_componentsVerticalAlignment":"top","_singleWidthIsCentered":true,"_singleWidthComponentLayout":"default","_classes":"","title":"New Block Title","_evolveTags":[],"_updatedAt":"2019-07-31T10:00:53.432Z","_createdAt":"2019-07-31T10:00:53.432Z","_type":"block","_courseOrder":"5-2-0","_isVisible":true,"_childrenIds":["5d4166d5cc85e20d39f9b7b2"]},{"_id":"5d4166d5cc85e20d39f9b7c7","_sortOrder":0,"_parentId":"5d4166d5cc85e20d39f9b7c5","_courseId":"5d4166d4cc85e20d39f9b73c","__v":0,"_refId":"5c9a3e22cce4e45028b87f0a","_search":{"_searchTagIds":[]},"_courseAttainment":{"_isEnabled":false},"_animations":{"_right":{"_easing":"default","_scaleIn":{"_from":50,"_isEnabled":false},"_fadeIn":{"_from":0,"_isEnabled":false},"_slideInY":{"_from":50,"_isReverseDirection":false,"_isEnabled":false},"_slideInX":{"_from":50,"_isReverseDirection":false,"_isEnabled":false},"_isEnabled":false},"_left":{"_easing":"default","_scaleIn":{"_from":50,"_isEnabled":false},"_fadeIn":{"_from":0,"_isEnabled":false},"_slideInY":{"_from":50,"_isReverseDirection":false,"_isEnabled":false},"_slideInX":{"_from":50,"_isReverseDirection":false,"_isEnabled":false},"_isEnabled":false},"_full":{"_easing":"default","_scaleIn":{"_from":50,"_isEnabled":false},"_fadeIn":{"_from":0,"_isEnabled":false},"_slideInY":{"_from":50,"_isReverseDirection":false,"_isEnabled":false},"_slideInX":{"_from":50,"_isReverseDirection":false,"_isEnabled":false},"_isEnabled":false}},"_componentsVerticalAlignment":"top","_singleWidthIsCentered":true,"_singleWidthComponentLayout":"default","_classes":"","title":"New Block Title","_evolveTags":[],"_updatedAt":"2019-07-31T10:00:53.655Z","_createdAt":"2019-07-31T10:00:53.655Z","_type":"block","_courseOrder":"6-0-0","_isVisible":true,"_childrenIds":["5d4166d5cc85e20d39f9b7c8"]},{"_id":"5d4166d5cc85e20d39f9b7d2","_courseId":"5d4166d4cc85e20d39f9b73c","_parentId":"5d4166d5cc85e20d39f9b7cf","_sortOrder":0,"__v":0,"_refId":"5c9a3f6bcce4e45028b87f12","_search":{"_searchTagIds":[]},"_courseAttainment":{"_isEnabled":false},"_animations":{"_right":{"_easing":"default","_scaleIn":{"_from":50,"_isEnabled":false},"_fadeIn":{"_from":0,"_isEnabled":false},"_slideInY":{"_from":50,"_isReverseDirection":false,"_isEnabled":false},"_slideInX":{"_from":50,"_isReverseDirection":false,"_isEnabled":false},"_isEnabled":false},"_left":{"_easing":"default","_scaleIn":{"_from":50,"_isEnabled":false},"_fadeIn":{"_from":0,"_isEnabled":false},"_slideInY":{"_from":50,"_isReverseDirection":false,"_isEnabled":false},"_slideInX":{"_from":50,"_isReverseDirection":false,"_isEnabled":false},"_isEnabled":false},"_full":{"_easing":"default","_scaleIn":{"_from":50,"_isEnabled":false},"_fadeIn":{"_from":0,"_isEnabled":false},"_slideInY":{"_from":50,"_isReverseDirection":false,"_isEnabled":false},"_slideInX":{"_from":50,"_isReverseDirection":false,"_isEnabled":false},"_isEnabled":false}},"_componentsVerticalAlignment":"top","_singleWidthIsCentered":true,"_singleWidthComponentLayout":"default","_classes":"","title":"New Block Title","_evolveTags":[],"_updatedAt":"2019-07-31T10:00:53.804Z","_createdAt":"2019-07-31T10:00:53.804Z","_type":"block","_courseOrder":"6-1-0","_isVisible":true,"_childrenIds":["5d4166d5cc85e20d39f9b7d3"]},{"_id":"5d4166d5cc85e20d39f9b7d0","_courseId":"5d4166d4cc85e20d39f9b73c","_parentId":"5d4166d5cc85e20d39f9b7cf","_sortOrder":1,"__v":0,"_refId":"5c9a04a1cce4e45028b87e0b","_search":{"_searchTagIds":[]},"_courseAttainment":{"_isEnabled":false},"_animations":{"_right":{"_easing":"default","_scaleIn":{"_from":50,"_isEnabled":false},"_fadeIn":{"_from":0,"_isEnabled":false},"_slideInY":{"_from":50,"_isReverseDirection":false,"_isEnabled":false},"_slideInX":{"_from":50,"_isReverseDirection":false,"_isEnabled":false},"_isEnabled":false},"_left":{"_easing":"default","_scaleIn":{"_from":50,"_isEnabled":false},"_fadeIn":{"_from":0,"_isEnabled":false},"_slideInY":{"_from":50,"_isReverseDirection":false,"_isEnabled":false},"_slideInX":{"_from":50,"_isReverseDirection":false,"_isEnabled":false},"_isEnabled":false},"_full":{"_easing":"default","_scaleIn":{"_from":50,"_isEnabled":false},"_fadeIn":{"_from":0,"_isEnabled":false},"_slideInY":{"_from":50,"_isReverseDirection":false,"_isEnabled":false},"_slideInX":{"_from":50,"_isReverseDirection":false,"_isEnabled":false},"_isEnabled":false}},"_componentsVerticalAlignment":"top","_singleWidthIsCentered":true,"_singleWidthComponentLayout":"default","_classes":"","title":"New Block Title","_evolveTags":[],"_updatedAt":"2019-07-31T10:00:53.791Z","_createdAt":"2019-07-31T10:00:53.791Z","_type":"block","_courseOrder":"6-1-1","_isVisible":true,"_childrenIds":["5d4166d5cc85e20d39f9b7d1"]},{"_id":"5d4166d5cc85e20d39f9b7ca","_courseId":"5d4166d4cc85e20d39f9b73c","_parentId":"5d4166d5cc85e20d39f9b7c9","_sortOrder":0,"__v":0,"_refId":"5c9a06b3cce4e45028b87e18","_search":{"_searchTagIds":[]},"_courseAttainment":{"_isEnabled":false},"_animations":{"_right":{"_easing":"default","_scaleIn":{"_from":50,"_isEnabled":false},"_fadeIn":{"_from":0,"_isEnabled":false},"_slideInY":{"_from":50,"_isReverseDirection":false,"_isEnabled":false},"_slideInX":{"_from":50,"_isReverseDirection":false,"_isEnabled":false},"_isEnabled":false},"_left":{"_easing":"default","_scaleIn":{"_from":50,"_isEnabled":false},"_fadeIn":{"_from":0,"_isEnabled":false},"_slideInY":{"_from":50,"_isReverseDirection":false,"_isEnabled":false},"_slideInX":{"_from":50,"_isReverseDirection":false,"_isEnabled":false},"_isEnabled":false},"_full":{"_easing":"default","_scaleIn":{"_from":50,"_isEnabled":false},"_fadeIn":{"_from":0,"_isEnabled":false},"_slideInY":{"_from":50,"_isReverseDirection":false,"_isEnabled":false},"_slideInX":{"_from":50,"_isReverseDirection":false,"_isEnabled":false},"_isEnabled":false}},"_componentsVerticalAlignment":"top","_singleWidthIsCentered":true,"_singleWidthComponentLayout":"default","_classes":"","title":"New Block Title","_evolveTags":[],"_updatedAt":"2019-07-31T10:00:53.688Z","_createdAt":"2019-07-31T10:00:53.688Z","_type":"block","_courseOrder":"6-2-0","_isVisible":true,"_childrenIds":["5d4166d5cc85e20d39f9b7cb"]},{"_id":"5d4166d5cc85e20d39f9b7cd","_courseId":"5d4166d4cc85e20d39f9b73c","_parentId":"5d4166d5cc85e20d39f9b7cc","_sortOrder":0,"__v":0,"_refId":"5c9a0d90cce4e45028b87e25","_search":{"_searchTagIds":[]},"_courseAttainment":{"_isEnabled":false},"_animations":{"_right":{"_easing":"default","_scaleIn":{"_from":50,"_isEnabled":false},"_fadeIn":{"_from":0,"_isEnabled":false},"_slideInY":{"_from":50,"_isReverseDirection":false,"_isEnabled":false},"_slideInX":{"_from":50,"_isReverseDirection":false,"_isEnabled":false},"_isEnabled":false},"_left":{"_easing":"default","_scaleIn":{"_from":50,"_isEnabled":false},"_fadeIn":{"_from":0,"_isEnabled":false},"_slideInY":{"_from":50,"_isReverseDirection":false,"_isEnabled":false},"_slideInX":{"_from":50,"_isReverseDirection":false,"_isEnabled":false},"_isEnabled":false},"_full":{"_easing":"default","_scaleIn":{"_from":50,"_isEnabled":false},"_fadeIn":{"_from":0,"_isEnabled":false},"_slideInY":{"_from":50,"_isReverseDirection":false,"_isEnabled":false},"_slideInX":{"_from":50,"_isReverseDirection":false,"_isEnabled":false},"_isEnabled":false}},"_componentsVerticalAlignment":"top","_singleWidthIsCentered":true,"_singleWidthComponentLayout":"default","_classes":"","title":"New Block Title","_evolveTags":[],"_updatedAt":"2019-07-31T10:00:53.731Z","_createdAt":"2019-07-31T10:00:53.731Z","_type":"block","_courseOrder":"6-3-0","_isVisible":true,"_childrenIds":["5d4166d5cc85e20d39f9b7ce"]},{"_id":"5d4166d5cc85e20d39f9b7e0","_courseId":"5d4166d4cc85e20d39f9b73c","_parentId":"5d4166d5cc85e20d39f9b7df","_sortOrder":0,"__v":0,"_refId":"5c8120e6e6147525a4e4965c","_search":{"_searchTagIds":[]},"_courseAttainment":{"_isEnabled":false},"_animations":{"_right":{"_easing":"default","_scaleIn":{"_from":50,"_isEnabled":false},"_fadeIn":{"_from":0,"_isEnabled":false},"_slideInY":{"_from":50,"_isReverseDirection":false,"_isEnabled":false},"_slideInX":{"_from":50,"_isReverseDirection":false,"_isEnabled":false},"_isEnabled":false},"_left":{"_easing":"default","_scaleIn":{"_from":50,"_isEnabled":false},"_fadeIn":{"_from":0,"_isEnabled":false},"_slideInY":{"_from":50,"_isReverseDirection":false,"_isEnabled":false},"_slideInX":{"_from":50,"_isReverseDirection":false,"_isEnabled":false},"_isEnabled":false},"_full":{"_easing":"default","_scaleIn":{"_from":50,"_isEnabled":false},"_fadeIn":{"_from":0,"_isEnabled":false},"_slideInY":{"_from":50,"_isReverseDirection":false,"_isEnabled":false},"_slideInX":{"_from":50,"_isReverseDirection":false,"_isEnabled":false},"_isEnabled":false}},"_componentsVerticalAlignment":"top","_singleWidthIsCentered":true,"_singleWidthComponentLayout":"default","_classes":"","title":"New Block Title","_evolveTags":[],"_updatedAt":"2019-07-31T10:00:53.930Z","_createdAt":"2019-07-31T10:00:53.930Z","_type":"block","_courseOrder":"7-0-0","_isVisible":true,"_childrenIds":["5d4166d5cc85e20d39f9b7e1"]},{"_id":"5d4166d5cc85e20d39f9b7e2","_sortOrder":1,"_parentId":"5d4166d5cc85e20d39f9b7df","_courseId":"5d4166d4cc85e20d39f9b73c","__v":0,"_refId":"5c9df3c43a0d766acdd32237","_search":{"_searchTagIds":[]},"_courseAttainment":{"_isEnabled":false},"_animations":{"_right":{"_easing":"default","_scaleIn":{"_from":50,"_isEnabled":false},"_fadeIn":{"_from":0,"_isEnabled":false},"_slideInY":{"_from":50,"_isReverseDirection":false,"_isEnabled":false},"_slideInX":{"_from":50,"_isReverseDirection":false,"_isEnabled":false},"_isEnabled":false},"_left":{"_easing":"default","_scaleIn":{"_from":50,"_isEnabled":false},"_fadeIn":{"_from":0,"_isEnabled":false},"_slideInY":{"_from":50,"_isReverseDirection":false,"_isEnabled":false},"_slideInX":{"_from":50,"_isReverseDirection":false,"_isEnabled":false},"_isEnabled":false},"_full":{"_easing":"default","_scaleIn":{"_from":50,"_isEnabled":false},"_fadeIn":{"_from":0,"_isEnabled":false},"_slideInY":{"_from":50,"_isReverseDirection":false,"_isEnabled":false},"_slideInX":{"_from":50,"_isReverseDirection":false,"_isEnabled":false},"_isEnabled":false}},"_componentsVerticalAlignment":"top","_singleWidthIsCentered":true,"_singleWidthComponentLayout":"default","_classes":"","title":"New Block Title","_evolveTags":[],"_updatedAt":"2019-07-31T10:00:53.945Z","_createdAt":"2019-07-31T10:00:53.945Z","_type":"block","_courseOrder":"7-0-1","_isVisible":true,"_childrenIds":["5d4166d5cc85e20d39f9b7e3"]},{"_id":"5d4166d5cc85e20d39f9b7e5","_courseId":"5d4166d4cc85e20d39f9b73c","_parentId":"5d4166d5cc85e20d39f9b7e4","_sortOrder":0,"__v":0,"_refId":"5c81262ae6147525a4e49672","displayTitle":"Step by step","_search":{"_searchTagIds":[]},"_courseAttainment":{"_isEnabled":false},"_animations":{"_right":{"_easing":"default","_scaleIn":{"_from":50,"_isEnabled":false},"_fadeIn":{"_from":0,"_isEnabled":false},"_slideInY":{"_from":50,"_isReverseDirection":false,"_isEnabled":false},"_slideInX":{"_from":50,"_isReverseDirection":false,"_isEnabled":false},"_isEnabled":false},"_left":{"_easing":"default","_scaleIn":{"_from":50,"_isEnabled":false},"_fadeIn":{"_from":0,"_isEnabled":false},"_slideInY":{"_from":50,"_isReverseDirection":false,"_isEnabled":false},"_slideInX":{"_from":50,"_isReverseDirection":false,"_isEnabled":false},"_isEnabled":false},"_full":{"_easing":"default","_scaleIn":{"_from":50,"_isEnabled":false},"_fadeIn":{"_from":0,"_isEnabled":false},"_slideInY":{"_from":50,"_isReverseDirection":false,"_isEnabled":false},"_slideInX":{"_from":50,"_isReverseDirection":false,"_isEnabled":false},"_isEnabled":false}},"_componentsVerticalAlignment":"top","_singleWidthIsCentered":true,"_singleWidthComponentLayout":"default","_classes":"","title":"Submission walkthroguh","_evolveTags":[],"_updatedAt":"2019-07-31T10:00:53.970Z","_createdAt":"2019-07-31T10:00:53.970Z","_type":"block","_courseOrder":"7-1-0","_isVisible":true,"_childrenIds":["5d4166d5cc85e20d39f9b7e6"]},{"_id":"5d4166d6cc85e20d39f9b7e9","_courseId":"5d4166d4cc85e20d39f9b73c","_parentId":"5d4166d5cc85e20d39f9b7e8","_sortOrder":0,"__v":0,"_refId":"5c98f8042b507a2249727a45","_search":{"_searchTagIds":[]},"_courseAttainment":{"_isEnabled":false},"_animations":{"_right":{"_easing":"default","_scaleIn":{"_from":50,"_isEnabled":false},"_fadeIn":{"_from":0,"_isEnabled":false},"_slideInY":{"_from":50,"_isReverseDirection":false,"_isEnabled":false},"_slideInX":{"_from":50,"_isReverseDirection":false,"_isEnabled":false},"_isEnabled":false},"_left":{"_easing":"default","_scaleIn":{"_from":50,"_isEnabled":false},"_fadeIn":{"_from":0,"_isEnabled":false},"_slideInY":{"_from":50,"_isReverseDirection":false,"_isEnabled":false},"_slideInX":{"_from":50,"_isReverseDirection":false,"_isEnabled":false},"_isEnabled":false},"_full":{"_easing":"default","_scaleIn":{"_from":50,"_isEnabled":false},"_fadeIn":{"_from":0,"_isEnabled":false},"_slideInY":{"_from":50,"_isReverseDirection":false,"_isEnabled":false},"_slideInX":{"_from":50,"_isReverseDirection":false,"_isEnabled":false},"_isEnabled":false}},"_componentsVerticalAlignment":"top","_singleWidthIsCentered":true,"_singleWidthComponentLayout":"default","_classes":"","title":"New Block Title","_evolveTags":[],"_updatedAt":"2019-07-31T10:00:54.001Z","_createdAt":"2019-07-31T10:00:54.001Z","_type":"block","_courseOrder":"7-2-0","_isVisible":true,"_childrenIds":["5d4166d6cc85e20d39f9b7ea"]},{"_id":"5d4166d6cc85e20d39f9b7ed","_courseId":"5d4166d4cc85e20d39f9b73c","_parentId":"5d4166d6cc85e20d39f9b7ec","_sortOrder":0,"__v":0,"_refId":"5c812186e6147525a4e49661","_search":{"_searchTagIds":[]},"_courseAttainment":{"_isEnabled":false},"_animations":{"_right":{"_easing":"default","_scaleIn":{"_from":50,"_isEnabled":false},"_fadeIn":{"_from":0,"_isEnabled":false},"_slideInY":{"_from":50,"_isReverseDirection":false,"_isEnabled":false},"_slideInX":{"_from":50,"_isReverseDirection":false,"_isEnabled":false},"_isEnabled":false},"_left":{"_easing":"default","_scaleIn":{"_from":50,"_isEnabled":false},"_fadeIn":{"_from":0,"_isEnabled":false},"_slideInY":{"_from":50,"_isReverseDirection":false,"_isEnabled":false},"_slideInX":{"_from":50,"_isReverseDirection":false,"_isEnabled":false},"_isEnabled":false},"_full":{"_easing":"default","_scaleIn":{"_from":50,"_isEnabled":false},"_fadeIn":{"_from":0,"_isEnabled":false},"_slideInY":{"_from":50,"_isReverseDirection":false,"_isEnabled":false},"_slideInX":{"_from":50,"_isReverseDirection":false,"_isEnabled":false},"_isEnabled":false}},"_componentsVerticalAlignment":"top","_singleWidthIsCentered":true,"_singleWidthComponentLayout":"default","_classes":"","title":"New Block Title","_evolveTags":[],"_updatedAt":"2019-07-31T10:00:54.032Z","_createdAt":"2019-07-31T10:00:54.032Z","_type":"block","_courseOrder":"8-0-0","_isVisible":true,"_childrenIds":["5d4166d6cc85e20d39f9b7ee"]},{"_id":"5d4166d6cc85e20d39f9b7f0","_courseId":"5d4166d4cc85e20d39f9b73c","_parentId":"5d4166d6cc85e20d39f9b7ef","_sortOrder":0,"__v":0,"_refId":"5c8136ade6147525a4e49691","_search":{"_searchTagIds":[]},"_courseAttainment":{"_isEnabled":false},"_animations":{"_right":{"_easing":"default","_scaleIn":{"_from":50,"_isEnabled":false},"_fadeIn":{"_from":0,"_isEnabled":false},"_slideInY":{"_from":50,"_isReverseDirection":false,"_isEnabled":false},"_slideInX":{"_from":50,"_isReverseDirection":false,"_isEnabled":false},"_isEnabled":false},"_left":{"_easing":"default","_scaleIn":{"_from":50,"_isEnabled":false},"_fadeIn":{"_from":0,"_isEnabled":false},"_slideInY":{"_from":50,"_isReverseDirection":false,"_isEnabled":false},"_slideInX":{"_from":50,"_isReverseDirection":false,"_isEnabled":false},"_isEnabled":false},"_full":{"_easing":"default","_scaleIn":{"_from":50,"_isEnabled":false},"_fadeIn":{"_from":0,"_isEnabled":false},"_slideInY":{"_from":50,"_isReverseDirection":false,"_isEnabled":false},"_slideInX":{"_from":50,"_isReverseDirection":false,"_isEnabled":false},"_isEnabled":false}},"_componentsVerticalAlignment":"top","_singleWidthIsCentered":true,"_singleWidthComponentLayout":"default","_classes":"","title":"New Block Title","_evolveTags":[],"_updatedAt":"2019-07-31T10:00:54.051Z","_createdAt":"2019-07-31T10:00:54.051Z","_type":"block","_courseOrder":"8-1-0","_isVisible":true,"_childrenIds":["5d4166d6cc85e20d39f9b7f1"]},{"_id":"5d4166d4cc85e20d39f9b76d","_courseId":"5d4166d4cc85e20d39f9b73c","_parentId":"5d4166d4cc85e20d39f9b76c","_sortOrder":0,"__v":0,"_refId":"5c81396ee6147525a4e496a8","_search":{"_searchTagIds":[]},"_courseAttainment":{"_isEnabled":false},"_animations":{"_right":{"_easing":"default","_scaleIn":{"_from":50,"_isEnabled":false},"_fadeIn":{"_from":0,"_isEnabled":false},"_slideInY":{"_from":50,"_isReverseDirection":false,"_isEnabled":false},"_slideInX":{"_from":50,"_isReverseDirection":false,"_isEnabled":false},"_isEnabled":false},"_left":{"_easing":"default","_scaleIn":{"_from":50,"_isEnabled":false},"_fadeIn":{"_from":0,"_isEnabled":false},"_slideInY":{"_from":50,"_isReverseDirection":false,"_isEnabled":false},"_slideInX":{"_from":50,"_isReverseDirection":false,"_isEnabled":false},"_isEnabled":false},"_full":{"_easing":"default","_scaleIn":{"_from":50,"_isEnabled":false},"_fadeIn":{"_from":0,"_isEnabled":false},"_slideInY":{"_from":50,"_isReverseDirection":false,"_isEnabled":false},"_slideInX":{"_from":50,"_isReverseDirection":false,"_isEnabled":false},"_isEnabled":false}},"_componentsVerticalAlignment":"top","_singleWidthIsCentered":true,"_singleWidthComponentLayout":"default","_classes":"","title":"New Block Title","_evolveTags":[],"_updatedAt":"2019-07-31T10:00:52.838Z","_createdAt":"2019-07-31T10:00:52.838Z","_type":"block","_courseOrder":"10-0-0","_isVisible":true,"_childrenIds":["5d4166d4cc85e20d39f9b76e"]},{"_id":"5d4166d4cc85e20d39f9b760","_sortOrder":0,"_parentId":"5d4166d4cc85e20d39f9b75f","_courseId":"5d4166d4cc85e20d39f9b73c","__v":0,"_refId":"5c61698df6b4af27956ef284","_search":{"_searchTagIds":[]},"_courseAttainment":{"_isEnabled":false},"_animations":{"_right":{"_easing":"default","_scaleIn":{"_from":50,"_isEnabled":false},"_fadeIn":{"_from":0,"_isEnabled":false},"_slideInY":{"_from":50,"_isReverseDirection":false,"_isEnabled":false},"_slideInX":{"_from":50,"_isReverseDirection":false,"_isEnabled":false},"_isEnabled":false},"_left":{"_easing":"default","_scaleIn":{"_from":50,"_isEnabled":false},"_fadeIn":{"_from":0,"_isEnabled":false},"_slideInY":{"_from":50,"_isReverseDirection":false,"_isEnabled":false},"_slideInX":{"_from":50,"_isReverseDirection":false,"_isEnabled":false},"_isEnabled":false},"_full":{"_easing":"default","_scaleIn":{"_from":50,"_isEnabled":false},"_fadeIn":{"_from":0,"_isEnabled":false},"_slideInY":{"_from":50,"_isReverseDirection":false,"_isEnabled":false},"_slideInX":{"_from":50,"_isReverseDirection":false,"_isEnabled":false},"_isEnabled":false}},"_componentsVerticalAlignment":"top","_singleWidthIsCentered":true,"_singleWidthComponentLayout":"default","_classes":"","title":"New Block Title","_evolveTags":[],"_updatedAt":"2019-07-31T10:00:52.737Z","_createdAt":"2019-07-31T10:00:52.737Z","_type":"block","_courseOrder":"10-1-0","_isVisible":true,"_childrenIds":["5d4166d4cc85e20d39f9b761"]},{"_id":"5d4166d4cc85e20d39f9b763","_sortOrder":1,"_parentId":"5d4166d4cc85e20d39f9b75f","_courseId":"5d4166d4cc85e20d39f9b73c","__v":0,"_refId":"5c77ff7b38c3cf54ce28d546","_search":{"_searchTagIds":[]},"_courseAttainment":{"_isEnabled":false},"_animations":{"_right":{"_easing":"default","_scaleIn":{"_from":50,"_isEnabled":false},"_fadeIn":{"_from":0,"_isEnabled":false},"_slideInY":{"_from":50,"_isReverseDirection":false,"_isEnabled":false},"_slideInX":{"_from":50,"_isReverseDirection":false,"_isEnabled":false},"_isEnabled":false},"_left":{"_easing":"default","_scaleIn":{"_from":50,"_isEnabled":false},"_fadeIn":{"_from":0,"_isEnabled":false},"_slideInY":{"_from":50,"_isReverseDirection":false,"_isEnabled":false},"_slideInX":{"_from":50,"_isReverseDirection":false,"_isEnabled":false},"_isEnabled":false},"_full":{"_easing":"default","_scaleIn":{"_from":50,"_isEnabled":false},"_fadeIn":{"_from":0,"_isEnabled":false},"_slideInY":{"_from":50,"_isReverseDirection":false,"_isEnabled":false},"_slideInX":{"_from":50,"_isReverseDirection":false,"_isEnabled":false},"_isEnabled":false}},"_componentsVerticalAlignment":"top","_singleWidthIsCentered":true,"_singleWidthComponentLayout":"default","_classes":"","title":"New Block Title","_evolveTags":[],"_updatedAt":"2019-07-31T10:00:52.755Z","_createdAt":"2019-07-31T10:00:52.755Z","_type":"block","_courseOrder":"10-1-1","_isVisible":true,"_childrenIds":["5d4166d4cc85e20d39f9b764"]},{"_id":"5d4166d4cc85e20d39f9b766","_sortOrder":0,"_parentId":"5d4166d4cc85e20d39f9b765","_courseId":"5d4166d4cc85e20d39f9b73c","__v":0,"_refId":"5c617135f6b4af27956ef291","_search":{"_searchTagIds":[]},"_courseAttainment":{"_isEnabled":false},"_animations":{"_right":{"_easing":"default","_scaleIn":{"_from":50,"_isEnabled":false},"_fadeIn":{"_from":0,"_isEnabled":false},"_slideInY":{"_from":50,"_isReverseDirection":false,"_isEnabled":false},"_slideInX":{"_from":50,"_isReverseDirection":false,"_isEnabled":false},"_isEnabled":false},"_left":{"_easing":"default","_scaleIn":{"_from":50,"_isEnabled":false},"_fadeIn":{"_from":0,"_isEnabled":false},"_slideInY":{"_from":50,"_isReverseDirection":false,"_isEnabled":false},"_slideInX":{"_from":50,"_isReverseDirection":false,"_isEnabled":false},"_isEnabled":false},"_full":{"_easing":"default","_scaleIn":{"_from":50,"_isEnabled":false},"_fadeIn":{"_from":0,"_isEnabled":false},"_slideInY":{"_from":50,"_isReverseDirection":false,"_isEnabled":false},"_slideInX":{"_from":50,"_isReverseDirection":false,"_isEnabled":false},"_isEnabled":false}},"_componentsVerticalAlignment":"center","_singleWidthIsCentered":true,"_singleWidthComponentLayout":"two-thirds-left","_classes":"","title":"Logging in with the Android App","_evolveTags":[],"_updatedAt":"2019-07-31T10:00:52.779Z","_createdAt":"2019-07-31T10:00:52.779Z","_type":"block","_courseOrder":"10-2-0","_isVisible":true,"_childrenIds":["5d4166d4cc85e20d39f9b767"]},{"_id":"5d4166d4cc85e20d39f9b768","_sortOrder":1,"_parentId":"5d4166d4cc85e20d39f9b765","_courseId":"5d4166d4cc85e20d39f9b73c","__v":0,"_refId":"5c62918e47d95560efada41a","_search":{"_searchTagIds":[]},"_courseAttainment":{"_isEnabled":false},"_animations":{"_right":{"_easing":"default","_scaleIn":{"_from":50,"_isEnabled":false},"_fadeIn":{"_from":0,"_isEnabled":false},"_slideInY":{"_from":50,"_isReverseDirection":false,"_isEnabled":false},"_slideInX":{"_from":50,"_isReverseDirection":false,"_isEnabled":false},"_isEnabled":false},"_left":{"_easing":"default","_scaleIn":{"_from":50,"_isEnabled":false},"_fadeIn":{"_from":0,"_isEnabled":false},"_slideInY":{"_from":50,"_isReverseDirection":false,"_isEnabled":false},"_slideInX":{"_from":50,"_isReverseDirection":false,"_isEnabled":false},"_isEnabled":false},"_full":{"_easing":"default","_scaleIn":{"_from":50,"_isEnabled":false},"_fadeIn":{"_from":0,"_isEnabled":false},"_slideInY":{"_from":50,"_isReverseDirection":false,"_isEnabled":false},"_slideInX":{"_from":50,"_isReverseDirection":false,"_isEnabled":false},"_isEnabled":false}},"_componentsVerticalAlignment":"top","_singleWidthIsCentered":true,"_singleWidthComponentLayout":"default","_classes":"","title":"spacer","_evolveTags":[],"_updatedAt":"2019-07-31T10:00:52.800Z","_createdAt":"2019-07-31T10:00:52.799Z","_type":"block","_courseOrder":"10-2-1","_isVisible":true,"_childrenIds":["5d4166d4cc85e20d39f9b769"]},{"_id":"5d4166d4cc85e20d39f9b76a","_courseId":"5d4166d4cc85e20d39f9b73c","_parentId":"5d4166d4cc85e20d39f9b765","_sortOrder":2,"__v":0,"_refId":"5c7ff13856a75e69d7c68417","_search":{"_searchTagIds":[]},"_courseAttainment":{"_isEnabled":false},"_animations":{"_right":{"_easing":"default","_scaleIn":{"_from":50,"_isEnabled":false},"_fadeIn":{"_from":0,"_isEnabled":false},"_slideInY":{"_from":50,"_isReverseDirection":false,"_isEnabled":false},"_slideInX":{"_from":50,"_isReverseDirection":false,"_isEnabled":false},"_isEnabled":false},"_left":{"_easing":"default","_scaleIn":{"_from":50,"_isEnabled":false},"_fadeIn":{"_from":0,"_isEnabled":false},"_slideInY":{"_from":50,"_isReverseDirection":false,"_isEnabled":false},"_slideInX":{"_from":50,"_isReverseDirection":false,"_isEnabled":false},"_isEnabled":false},"_full":{"_easing":"default","_scaleIn":{"_from":50,"_isEnabled":false},"_fadeIn":{"_from":0,"_isEnabled":false},"_slideInY":{"_from":50,"_isReverseDirection":false,"_isEnabled":false},"_slideInX":{"_from":50,"_isReverseDirection":false,"_isEnabled":false},"_isEnabled":false}},"_componentsVerticalAlignment":"top","_singleWidthIsCentered":true,"_singleWidthComponentLayout":"default","_classes":"","title":"Logging in with the iOS app","_evolveTags":[],"_updatedAt":"2019-07-31T10:00:52.809Z","_createdAt":"2019-07-31T10:00:52.809Z","_type":"block","_courseOrder":"10-2-2","_isVisible":true,"_childrenIds":["5d4166d4cc85e20d39f9b76b"]},{"_id":"5d4166d4cc85e20d39f9b771","_courseId":"5d4166d4cc85e20d39f9b73c","_parentId":"5d4166d4cc85e20d39f9b770","_sortOrder":0,"__v":0,"_refId":"5c8138eee6147525a4e496a3","_search":{"_searchTagIds":[]},"_courseAttainment":{"_isEnabled":false},"_animations":{"_right":{"_easing":"default","_scaleIn":{"_from":50,"_isEnabled":false},"_fadeIn":{"_from":0,"_isEnabled":false},"_slideInY":{"_from":50,"_isReverseDirection":false,"_isEnabled":false},"_slideInX":{"_from":50,"_isReverseDirection":false,"_isEnabled":false},"_isEnabled":false},"_left":{"_easing":"default","_scaleIn":{"_from":50,"_isEnabled":false},"_fadeIn":{"_from":0,"_isEnabled":false},"_slideInY":{"_from":50,"_isReverseDirection":false,"_isEnabled":false},"_slideInX":{"_from":50,"_isReverseDirection":false,"_isEnabled":false},"_isEnabled":false},"_full":{"_easing":"default","_scaleIn":{"_from":50,"_isEnabled":false},"_fadeIn":{"_from":0,"_isEnabled":false},"_slideInY":{"_from":50,"_isReverseDirection":false,"_isEnabled":false},"_slideInX":{"_from":50,"_isReverseDirection":false,"_isEnabled":false},"_isEnabled":false}},"_componentsVerticalAlignment":"top","_singleWidthIsCentered":true,"_singleWidthComponentLayout":"default","_classes":"","title":"New Block Title","_evolveTags":[],"_updatedAt":"2019-07-31T10:00:52.876Z","_createdAt":"2019-07-31T10:00:52.876Z","_type":"block","_courseOrder":"11-0-0","_isVisible":true,"_childrenIds":["5d4166d4cc85e20d39f9b772"]},{"_id":"5d4166d4cc85e20d39f9b774","_courseId":"5d4166d4cc85e20d39f9b73c","_parentId":"5d4166d4cc85e20d39f9b773","_sortOrder":0,"__v":0,"_refId":"5c93b1dc888f1006dc4c6b6f","displayTitle":"","_search":{"_searchTagIds":[]},"_courseAttainment":{"_isEnabled":false},"_animations":{"_right":{"_easing":"default","_scaleIn":{"_from":50,"_isEnabled":false},"_fadeIn":{"_from":0,"_isEnabled":false},"_slideInY":{"_from":50,"_isReverseDirection":false,"_isEnabled":false},"_slideInX":{"_from":50,"_isReverseDirection":false,"_isEnabled":false},"_isEnabled":false},"_left":{"_easing":"default","_scaleIn":{"_from":50,"_isEnabled":false},"_fadeIn":{"_from":0,"_isEnabled":false},"_slideInY":{"_from":50,"_isReverseDirection":false,"_isEnabled":false},"_slideInX":{"_from":50,"_isReverseDirection":false,"_isEnabled":false},"_isEnabled":false},"_full":{"_easing":"default","_scaleIn":{"_from":50,"_isEnabled":false},"_fadeIn":{"_from":0,"_isEnabled":false},"_slideInY":{"_from":50,"_isReverseDirection":false,"_isEnabled":false},"_slideInX":{"_from":50,"_isReverseDirection":false,"_isEnabled":false},"_isEnabled":false}},"_componentsVerticalAlignment":"top","_singleWidthIsCentered":true,"_singleWidthComponentLayout":"default","_classes":"","title":"New Block Title","_evolveTags":[],"_updatedAt":"2019-07-31T10:00:52.897Z","_createdAt":"2019-07-31T10:00:52.897Z","_type":"block","_courseOrder":"11-1-0","_isVisible":true,"_childrenIds":["5d4166d4cc85e20d39f9b775"]},{"_id":"5d4166d4cc85e20d39f9b77a","_courseId":"5d4166d4cc85e20d39f9b73c","_parentId":"5d4166d4cc85e20d39f9b779","_sortOrder":0,"__v":0,"_refId":"5c9dfab73a0d766acdd3224b","_search":{"_searchTagIds":[]},"_courseAttainment":{"_isEnabled":false},"_animations":{"_right":{"_easing":"default","_scaleIn":{"_from":50,"_isEnabled":false},"_fadeIn":{"_from":0,"_isEnabled":false},"_slideInY":{"_from":50,"_isReverseDirection":false,"_isEnabled":false},"_slideInX":{"_from":50,"_isReverseDirection":false,"_isEnabled":false},"_isEnabled":false},"_left":{"_easing":"default","_scaleIn":{"_from":50,"_isEnabled":false},"_fadeIn":{"_from":0,"_isEnabled":false},"_slideInY":{"_from":50,"_isReverseDirection":false,"_isEnabled":false},"_slideInX":{"_from":50,"_isReverseDirection":false,"_isEnabled":false},"_isEnabled":false},"_full":{"_easing":"default","_scaleIn":{"_from":50,"_isEnabled":false},"_fadeIn":{"_from":0,"_isEnabled":false},"_slideInY":{"_from":50,"_isReverseDirection":false,"_isEnabled":false},"_slideInX":{"_from":50,"_isReverseDirection":false,"_isEnabled":false},"_isEnabled":false}},"_componentsVerticalAlignment":"top","_singleWidthIsCentered":true,"_singleWidthComponentLayout":"default","_classes":"","title":"New Block Title","_evolveTags":[],"_updatedAt":"2019-07-31T10:00:52.950Z","_createdAt":"2019-07-31T10:00:52.950Z","_type":"block","_courseOrder":"11-2-0","_isVisible":true,"_childrenIds":["5d4166d4cc85e20d39f9b77b","5d4166d4cc85e20d39f9b77c"]},{"_id":"5d4166d4cc85e20d39f9b777","_courseId":"5d4166d4cc85e20d39f9b73c","_parentId":"5d4166d4cc85e20d39f9b776","_sortOrder":0,"__v":0,"_refId":"5c98e23b2b507a2249727a0d","displayTitle":"","_search":{"_searchTagIds":[]},"_courseAttainment":{"_isEnabled":false},"_animations":{"_right":{"_easing":"default","_scaleIn":{"_from":50,"_isEnabled":false},"_fadeIn":{"_from":0,"_isEnabled":false},"_slideInY":{"_from":50,"_isReverseDirection":false,"_isEnabled":false},"_slideInX":{"_from":50,"_isReverseDirection":false,"_isEnabled":false},"_isEnabled":false},"_left":{"_easing":"default","_scaleIn":{"_from":50,"_isEnabled":false},"_fadeIn":{"_from":0,"_isEnabled":false},"_slideInY":{"_from":50,"_isReverseDirection":false,"_isEnabled":false},"_slideInX":{"_from":50,"_isReverseDirection":false,"_isEnabled":false},"_isEnabled":false},"_full":{"_easing":"default","_scaleIn":{"_from":50,"_isEnabled":false},"_fadeIn":{"_from":0,"_isEnabled":false},"_slideInY":{"_from":50,"_isReverseDirection":false,"_isEnabled":false},"_slideInX":{"_from":50,"_isReverseDirection":false,"_isEnabled":false},"_isEnabled":false}},"_componentsVerticalAlignment":"top","_singleWidthIsCentered":true,"_singleWidthComponentLayout":"default","_classes":"","title":"Video walkthrough","_evolveTags":[],"_updatedAt":"2019-07-31T10:00:52.928Z","_createdAt":"2019-07-31T10:00:52.928Z","_type":"block","_courseOrder":"11-3-0","_isVisible":true,"_childrenIds":["5d4166d4cc85e20d39f9b778"]},{"_id":"5d4166d6cc85e20d39f9b7f8","_courseId":"5d4166d4cc85e20d39f9b73c","_parentId":"5d4166d6cc85e20d39f9b7f7","_sortOrder":0,"__v":0,"_refId":"5ca323ef8c606d05f521fa5f","body":"<p>Once your video is uploaded and processed, you can edit your video online before you publish it.&nbsp;</p><p><br></p><p>Online video editing with Panopto is simple and easy to grasp. The video below demonstrates the basic features.</p>","displayTitle":"Online Video Editing","_search":{"_searchTagIds":[]},"_courseAttainment":{"_isEnabled":false},"_animations":{"_right":{"_easing":"default","_scaleIn":{"_from":50,"_isEnabled":false},"_fadeIn":{"_from":0,"_isEnabled":false},"_slideInY":{"_from":50,"_isReverseDirection":false,"_isEnabled":false},"_slideInX":{"_from":50,"_isReverseDirection":false,"_isEnabled":false},"_isEnabled":false},"_left":{"_easing":"default","_scaleIn":{"_from":50,"_isEnabled":false},"_fadeIn":{"_from":0,"_isEnabled":false},"_slideInY":{"_from":50,"_isReverseDirection":false,"_isEnabled":false},"_slideInX":{"_from":50,"_isReverseDirection":false,"_isEnabled":false},"_isEnabled":false},"_full":{"_easing":"default","_scaleIn":{"_from":50,"_isEnabled":false},"_fadeIn":{"_from":0,"_isEnabled":false},"_slideInY":{"_from":50,"_isReverseDirection":false,"_isEnabled":false},"_slideInX":{"_from":50,"_isReverseDirection":false,"_isEnabled":false},"_isEnabled":false}},"_componentsVerticalAlignment":"top","_singleWidthIsCentered":true,"_singleWidthComponentLayout":"default","_classes":"","title":"video walkthrough","_evolveTags":[],"_updatedAt":"2019-07-31T10:00:54.124Z","_createdAt":"2019-07-31T10:00:54.124Z","_type":"block","_courseOrder":"12-0-0","_isVisible":true,"_childrenIds":["5d4166d6cc85e20d39f9b7f9"]},{"_id":"5d4166d6cc85e20d39f9b7fb","_courseId":"5d4166d4cc85e20d39f9b73c","_parentId":"5d4166d6cc85e20d39f9b7fa","_sortOrder":0,"__v":0,"_refId":"5ca32b398c606d05f521fa70","displayTitle":"Online Video Editing articles","body":"<p>The linked articles below cover the video editing process in-depth.&nbsp;</p><p><br></p><p><br></p>","_search":{"_searchTagIds":[]},"_courseAttainment":{"_isEnabled":false},"_animations":{"_right":{"_easing":"default","_scaleIn":{"_from":50,"_isEnabled":false},"_fadeIn":{"_from":0,"_isEnabled":false},"_slideInY":{"_from":50,"_isReverseDirection":false,"_isEnabled":false},"_slideInX":{"_from":50,"_isReverseDirection":false,"_isEnabled":false},"_isEnabled":false},"_left":{"_easing":"default","_scaleIn":{"_from":50,"_isEnabled":false},"_fadeIn":{"_from":0,"_isEnabled":false},"_slideInY":{"_from":50,"_isReverseDirection":false,"_isEnabled":false},"_slideInX":{"_from":50,"_isReverseDirection":false,"_isEnabled":false},"_isEnabled":false},"_full":{"_easing":"default","_scaleIn":{"_from":50,"_isEnabled":false},"_fadeIn":{"_from":0,"_isEnabled":false},"_slideInY":{"_from":50,"_isReverseDirection":false,"_isEnabled":false},"_slideInX":{"_from":50,"_isReverseDirection":false,"_isEnabled":false},"_isEnabled":false}},"_componentsVerticalAlignment":"top","_singleWidthIsCentered":true,"_singleWidthComponentLayout":"default","_classes":"","title":"New Block Title","_evolveTags":[],"_updatedAt":"2019-07-31T10:00:54.140Z","_createdAt":"2019-07-31T10:00:54.140Z","_type":"block","_courseOrder":"12-1-0","_isVisible":true,"_childrenIds":["5d4166d6cc85e20d39f9b7fc"]},{"_id":"5d4d23ade0af4d4fab5a5307","_courseId":"5d4166d4cc85e20d39f9b73c","_parentId":"5d4d23ade0af4d4fab5a5306","_sortOrder":0,"_createdBy":"5bb390fed459f65d262aa3b3","__v":0,"_refId":"5d4d23ade0af4d4fab5a5307","_search":{"_searchTagIds":[]},"_courseAttainment":{"_isEnabled":false},"_animations":{"_right":{"_easing":"default","_scaleIn":{"_from":50,"_isEnabled":false},"_fadeIn":{"_from":0,"_isEnabled":false},"_slideInY":{"_from":50,"_isReverseDirection":false,"_isEnabled":false},"_slideInX":{"_from":50,"_isReverseDirection":false,"_isEnabled":false},"_isEnabled":false},"_left":{"_easing":"default","_scaleIn":{"_from":50,"_isEnabled":false},"_fadeIn":{"_from":0,"_isEnabled":false},"_slideInY":{"_from":50,"_isReverseDirection":false,"_isEnabled":false},"_slideInX":{"_from":50,"_isReverseDirection":false,"_isEnabled":false},"_isEnabled":false},"_full":{"_easing":"default","_scaleIn":{"_from":50,"_isEnabled":false},"_fadeIn":{"_from":0,"_isEnabled":false},"_slideInY":{"_from":50,"_isReverseDirection":false,"_isEnabled":false},"_slideInX":{"_from":50,"_isReverseDirection":false,"_isEnabled":false},"_isEnabled":false}},"_componentsVerticalAlignment":"top","_singleWidthIsCentered":true,"_singleWidthComponentLayout":"default","_classes":"","title":"New Block Title","_evolveTags":[],"_updatedAt":"2019-08-09T07:41:33.032Z","_createdAt":"2019-08-09T07:41:33.032Z","_type":"block","_courseOrder":"13-0-0","_isVisible":false},{"_id":"5d4d2405e0af4d4fab5a530d","_sortOrder":1,"_parentId":"5d4d23ade0af4d4fab5a5306","_courseId":"5d4166d4cc85e20d39f9b73c","_createdBy":"5bb390fed459f65d262aa3b3","__v":0,"_refId":"5d4d2405e0af4d4fab5a530d","_search":{"_searchTagIds":[]},"_courseAttainment":{"_isEnabled":false},"_animations":{"_right":{"_easing":"default","_scaleIn":{"_from":50,"_isEnabled":false},"_fadeIn":{"_from":0,"_isEnabled":false},"_slideInY":{"_from":50,"_isReverseDirection":false,"_isEnabled":false},"_slideInX":{"_from":50,"_isReverseDirection":false,"_isEnabled":false},"_isEnabled":false},"_left":{"_easing":"default","_scaleIn":{"_from":50,"_isEnabled":false},"_fadeIn":{"_from":0,"_isEnabled":false},"_slideInY":{"_from":50,"_isReverseDirection":false,"_isEnabled":false},"_slideInX":{"_from":50,"_isReverseDirection":false,"_isEnabled":false},"_isEnabled":false},"_full":{"_easing":"default","_scaleIn":{"_from":50,"_isEnabled":false},"_fadeIn":{"_from":0,"_isEnabled":false},"_slideInY":{"_from":50,"_isReverseDirection":false,"_isEnabled":false},"_slideInX":{"_from":50,"_isReverseDirection":false,"_isEnabled":false},"_isEnabled":false}},"_componentsVerticalAlignment":"top","_singleWidthIsCentered":true,"_singleWidthComponentLayout":"default","_classes":"","title":"New Block Title","_evolveTags":[],"_updatedAt":"2019-08-09T07:43:01.922Z","_createdAt":"2019-08-09T07:43:01.922Z","_type":"block","_courseOrder":"13-0-1","_isVisible":false}]
