[{"_id":"5d4166d4cc85e20d39f9b73f","_courseId":"5d4166d4cc85e20d39f9b73c","_parentId":"5d4166d4cc85e20d39f9b73c","_sortOrder":0,"__v":0,"_refId":"5c5d62946b016c5b2a038f7a","displayTitle":"Getting started","htmlTitle":"","_updatedBy":"5bb390fed459f65d262aa3b3","_swipeMenu":{"prevButtonAriaLabel":"Previous","nextButtonAriaLabel":"Next","_shouldShowProgressBarsOnMenus":true,"_mobileBackgroundImage":{"_repeat":false,"_fixed":false,"_position":"center","_size":"cover"},"_backgroundImage":{"_repeat":false,"_fixed":false,"_position":"center","_size":"cover"},"_headerGraphic":{"_offset":{"_left":"0","_top":"0"},"_position":"bottom-right","_isFloatingGraphic":false,"_hideOnMobile":false,"_isOverridingTheme":false},"_heroImage":{"_graphic":{"srcAdvanced":{"_setImagePerDeviceSize":false}},"_contentWidth":70,"layout":"center"},"_shouldHideDisabledControl":false,"_shouldShowControlsOnHover":false,"_shouldAlwaysShowItems":false,"_shouldShowControlsOnBottom":false,"_shouldDisableItemScaling":false,"_shouldDisableDetailOnHover":false,"_hoverGraphic":{"srcAdvanced":{"_setImagePerDeviceSize":false}},"_graphic":{"srcAdvanced":{"_setImagePerDeviceSize":false}}},"_standardMenu":{"_shouldShowIconOnMenuItems":true,"_shouldShowProgressBarsOnMenus":true,"_mobileBackgroundImage":{"_repeat":false,"_fixed":false,"_position":"center","_size":"cover"},"_backgroundImage":{"_repeat":false,"_fixed":false,"_position":"center","_size":"cover"},"_headerGraphic":{"_offset":{"_left":"0","_top":"0"},"_position":"bottom-right","_isFloatingGraphic":false,"_hideOnMobile":false,"_isOverridingTheme":false},"_heroImage":{"_graphic":{"srcAdvanced":{"_setImagePerDeviceSize":false}},"_contentWidth":70,"layout":"center"}},"_playlistMenu":{"_heroImage":{"_floatingGraphic":{"_hideOnMobile":false,"_offset":{"_left":"0","_top":"0"},"_position":"bottom-right"},"_graphic":{"srcAdvanced":{"_setImagePerDeviceSize":false}},"_contentWidth":70,"layout":"center"},"_mobileBackgroundImage":{"_repeat":false,"_fixed":false,"_position":"center","_size":"cover"},"_desktopBackgroundImage":{"_repeat":false,"_fixed":false,"_position":"center","_size":"cover"},"_backgroundImage":{"srcAdvanced":{"_setImagePerDeviceSize":false}},"_graphic":{"srcAdvanced":{"_setImagePerDeviceSize":false}}},"_mapMenu":{"_shouldShowTitleBar":true,"_pointerWidth":0,"_menuScrollableContainerMaxWidth":1024,"_menuImageWidth":1024,"_defaultPointerWidth":0,"_position":{"_top":50,"_left":50}},"_coverMenu":{"homeButtonAriaLabel":"Home","prevButtonAriaLabel":"Previous","nextButtonAriaLabel":"Next","_shouldShowProgressBarsOnMenus":true,"_coverButtonText":"View","srcAdvanced":{"_setImagePerDeviceSize":false}},"_boxMenu":{"itemCompletionText":"Complete","_isVerticalItemLayout":false,"_showCompletionStatusInFooter":false,"_showCompletionStatusOnMenus":false,"_shouldShowProgressBarsOnMenus":true,"_itemsPerRowMedium":2,"_itemsPerRowLarge":2,"_mobileBackgroundImage":{"_repeat":false,"_fixed":false,"_position":"center","_size":"cover"},"_backgroundImage":{"_repeat":false,"_fixed":false,"_position":"center","_size":"cover"},"_headerGraphic":{"_offset":{"_left":"0","_top":"0"},"_position":"bottom-right","_isFloatingGraphic":false,"_hideOnMobile":false,"_isOverridingTheme":false},"_heroImage":{"_graphic":{"srcAdvanced":{"_setImagePerDeviceSize":false}},"_contentWidth":70,"layout":"center"},"srcAdvanced":{"_setImagePerDeviceSize":false}},"_search":{"_searchTagIds":[]},"_courseAssessment":{"_isAssessmentPage":false},"_contentLocking":{"_requiredAmount":0,"_requiredCompleteIds":[],"_shouldDisableNotifyOnUnlock":false,"_lockingType":"contentObject","_isEnabled":false},"_mobileBackgroundImage":{"_repeat":false,"_fixed":false,"_position":"center","_size":"cover"},"_backgroundImage":{"_repeat":false,"_fixed":false,"_position":"center","_size":"cover"},"_heroImage":{"_floatingGraphic":{"_hideOnMobile":false,"_offset":{"_left":"0","_top":"0"},"_position":"bottom-right"},"_graphic":{"srcAdvanced":{"_setImagePerDeviceSize":false}},"_contentWidth":70,"layout":"top-left","_isEnabled":true},"_completionComponentIds":[],"_pageCompletionMethod":"components","_hidePageHeader":false,"_categories":[],"durationLabel":"Duration","isLinkIconRightPosition":false,"linkText":"View","_graphic":{"_offset":{"_left":"0","_top":"0"},"_position":"bottom-right","_isFloatingGraphic":false,"_hideOnMobile":false,"_isOverridingTheme":false},"title":"Introduction","_evolveTags":[],"_updatedAt":"2019-07-31T10:06:54.632Z","_createdAt":"2019-07-31T10:00:52.449Z","_type":"page","_isVisible":true,"_courseOrder":"0","_descendantComponentIds":["5d4166d4cc85e20d39f9b74d","5d4166d4cc85e20d39f9b74e","5dc2b16b18d97c0d9e6c1e3a","5dc2b21618d97c0d9e6c1e3f","5d4166d4cc85e20d39f9b748","5d4166d4cc85e20d39f9b747","5d4166d4cc85e20d39f9b74b","5d4166d4cc85e20d39f9b74a","5d4166d4cc85e20d39f9b752","5d4166d4cc85e20d39f9b751","5d4166d4cc85e20d39f9b754","5d4166d4cc85e20d39f9b755","5d4166d4cc85e20d39f9b757","5d4166d4cc85e20d39f9b758","5d4166d4cc85e20d39f9b75c","5d4166d4cc85e20d39f9b743","5d4166d4cc85e20d39f9b745"],"_childrenIds":["5d4166d4cc85e20d39f9b741","5dc2aef018d97c0d9e6c1e36","5d416946cc85e20d39f9b819","5d4166d4cc85e20d39f9b74f","5d4166d4cc85e20d39f9b75a","5d5e766ba8c10c720014abbc"]},{"_id":"5d4166d4cc85e20d39f9b75e","_courseId":"5d4166d4cc85e20d39f9b73c","_parentId":"5d4166d4cc85e20d39f9b75d","_sortOrder":0,"__v":0,"_refId":"5c616662f6b4af27956ef271","displayTitle":"Installing the App on a Mobile Device<br>and logging in","_swipeMenu":{"prevButtonAriaLabel":"Previous","nextButtonAriaLabel":"Next","_shouldShowProgressBarsOnMenus":true,"_mobileBackgroundImage":{"_repeat":false,"_fixed":false,"_position":"center","_size":"cover"},"_backgroundImage":{"_repeat":false,"_fixed":false,"_position":"center","_size":"cover"},"_headerGraphic":{"_offset":{"_left":"0","_top":"0"},"_position":"bottom-right","_isFloatingGraphic":false,"_hideOnMobile":false,"_isOverridingTheme":false},"_heroImage":{"_graphic":{"srcAdvanced":{"_setImagePerDeviceSize":false}},"_contentWidth":70,"layout":"center"},"_shouldHideDisabledControl":false,"_shouldShowControlsOnHover":false,"_shouldAlwaysShowItems":false,"_shouldShowControlsOnBottom":false,"_shouldDisableItemScaling":false,"_shouldDisableDetailOnHover":false,"_hoverGraphic":{"srcAdvanced":{"_setImagePerDeviceSize":false}},"_graphic":{"srcAdvanced":{"_setImagePerDeviceSize":false}}},"_standardMenu":{"_shouldShowIconOnMenuItems":true,"_shouldShowProgressBarsOnMenus":true,"_mobileBackgroundImage":{"_repeat":false,"_fixed":false,"_position":"center","_size":"cover"},"_backgroundImage":{"_repeat":false,"_fixed":false,"_position":"center","_size":"cover"},"_headerGraphic":{"_offset":{"_left":"0","_top":"0"},"_position":"bottom-right","_isFloatingGraphic":false,"_hideOnMobile":false,"_isOverridingTheme":false},"_heroImage":{"_graphic":{"srcAdvanced":{"_setImagePerDeviceSize":false}},"_contentWidth":70,"layout":"center"}},"_playlistMenu":{"_heroImage":{"_floatingGraphic":{"_hideOnMobile":false,"_offset":{"_left":"0","_top":"0"},"_position":"bottom-right"},"_graphic":{"srcAdvanced":{"_setImagePerDeviceSize":false}},"_contentWidth":70,"layout":"center"},"_mobileBackgroundImage":{"_repeat":false,"_fixed":false,"_position":"center","_size":"cover"},"_desktopBackgroundImage":{"_repeat":false,"_fixed":false,"_position":"center","_size":"cover"},"_backgroundImage":{"srcAdvanced":{"_setImagePerDeviceSize":false}},"_graphic":{"srcAdvanced":{"_setImagePerDeviceSize":false}}},"_mapMenu":{"_shouldShowTitleBar":true,"_pointerWidth":0,"_menuScrollableContainerMaxWidth":1024,"_menuImageWidth":1024,"_defaultPointerWidth":0,"_position":{"_top":50,"_left":50}},"_coverMenu":{"homeButtonAriaLabel":"Home","prevButtonAriaLabel":"Previous","nextButtonAriaLabel":"Next","_shouldShowProgressBarsOnMenus":true,"_coverButtonText":"View","srcAdvanced":{"_setImagePerDeviceSize":false}},"_boxMenu":{"itemCompletionText":"Complete","_isVerticalItemLayout":false,"_showCompletionStatusInFooter":false,"_showCompletionStatusOnMenus":false,"_shouldShowProgressBarsOnMenus":true,"_itemsPerRowMedium":2,"_itemsPerRowLarge":2,"_mobileBackgroundImage":{"_repeat":false,"_fixed":false,"_position":"center","_size":"cover"},"_backgroundImage":{"_repeat":false,"_fixed":false,"_position":"center","_size":"cover"},"_headerGraphic":{"_offset":{"_left":"0","_top":"0"},"_position":"bottom-right","_isFloatingGraphic":false,"_hideOnMobile":false,"_isOverridingTheme":false},"_heroImage":{"_graphic":{"srcAdvanced":{"_setImagePerDeviceSize":false}},"_contentWidth":70,"layout":"center"},"srcAdvanced":{"_setImagePerDeviceSize":false}},"_search":{"_searchTagIds":[]},"_courseAssessment":{"_isAssessmentPage":false},"_contentLocking":{"_requiredAmount":0,"_requiredCompleteIds":[],"_shouldDisableNotifyOnUnlock":false,"_lockingType":"contentObject","_isEnabled":false},"_mobileBackgroundImage":{"_repeat":false,"_fixed":false,"_position":"center","_size":"cover"},"_backgroundImage":{"_repeat":false,"_fixed":false,"_position":"center","_size":"cover"},"_heroImage":{"_floatingGraphic":{"_hideOnMobile":false,"_offset":{"_left":"0","_top":"0"},"_position":"bottom-right"},"_graphic":{"srcAdvanced":{"_setImagePerDeviceSize":false}},"_contentWidth":70,"layout":"center","_isEnabled":false},"_completionComponentIds":[],"_pageCompletionMethod":"components","_hidePageHeader":false,"_categories":[],"durationLabel":"Duration","isLinkIconRightPosition":false,"linkText":"View","_graphic":{"_offset":{"_left":"0","_top":"0"},"_position":"bottom-right","_isFloatingGraphic":false,"_hideOnMobile":false,"_isOverridingTheme":false},"title":"Installing Mobile","_evolveTags":[],"_updatedAt":"2019-07-31T10:00:52.718Z","_createdAt":"2019-07-31T10:00:52.718Z","_type":"page","_isVisible":true,"_courseOrder":"10","_descendantComponentIds":["5d4166d4cc85e20d39f9b76e","5d4166d4cc85e20d39f9b761","5d4166d4cc85e20d39f9b764","5d4166d4cc85e20d39f9b767","5d4166d4cc85e20d39f9b769","5d4166d4cc85e20d39f9b76b"],"_childrenIds":["5d4166d4cc85e20d39f9b76c","5d4166d4cc85e20d39f9b75f","5d4166d4cc85e20d39f9b765"]},{"_id":"5d4166d4cc85e20d39f9b77e","_courseId":"5d4166d4cc85e20d39f9b73c","_parentId":"5d4166d4cc85e20d39f9b77d","_sortOrder":0,"__v":0,"_refId":"5c5d980c6b016c5b2a038fcc","displayTitle":"Recording using a Mobile Device.","_updatedBy":"5bb390fed459f65d262aa3b3","_swipeMenu":{"prevButtonAriaLabel":"Previous","nextButtonAriaLabel":"Next","_shouldShowProgressBarsOnMenus":true,"_mobileBackgroundImage":{"_repeat":false,"_fixed":false,"_position":"center","_size":"cover"},"_backgroundImage":{"_repeat":false,"_fixed":false,"_position":"center","_size":"cover"},"_headerGraphic":{"_offset":{"_left":"0","_top":"0"},"_position":"bottom-right","_isFloatingGraphic":false,"_hideOnMobile":false,"_isOverridingTheme":false},"_heroImage":{"_graphic":{"srcAdvanced":{"_setImagePerDeviceSize":false}},"_contentWidth":70,"layout":"center"},"_shouldHideDisabledControl":false,"_shouldShowControlsOnHover":false,"_shouldAlwaysShowItems":false,"_shouldShowControlsOnBottom":false,"_shouldDisableItemScaling":false,"_shouldDisableDetailOnHover":false,"_hoverGraphic":{"srcAdvanced":{"_setImagePerDeviceSize":false}},"_graphic":{"srcAdvanced":{"_setImagePerDeviceSize":false}}},"_standardMenu":{"_shouldShowIconOnMenuItems":true,"_shouldShowProgressBarsOnMenus":true,"_mobileBackgroundImage":{"_repeat":false,"_fixed":false,"_position":"center","_size":"cover"},"_backgroundImage":{"_repeat":false,"_fixed":false,"_position":"center","_size":"cover"},"_headerGraphic":{"_offset":{"_left":"0","_top":"0"},"_position":"bottom-right","_isFloatingGraphic":false,"_hideOnMobile":false,"_isOverridingTheme":false},"_heroImage":{"_graphic":{"srcAdvanced":{"_setImagePerDeviceSize":false}},"_contentWidth":70,"layout":"center"}},"_playlistMenu":{"_heroImage":{"_floatingGraphic":{"_hideOnMobile":false,"_offset":{"_left":"0","_top":"0"},"_position":"bottom-right"},"_graphic":{"srcAdvanced":{"_setImagePerDeviceSize":false}},"_contentWidth":70,"layout":"center"},"_mobileBackgroundImage":{"_repeat":false,"_fixed":false,"_position":"center","_size":"cover"},"_desktopBackgroundImage":{"_repeat":false,"_fixed":false,"_position":"center","_size":"cover"},"_backgroundImage":{"srcAdvanced":{"_setImagePerDeviceSize":false}},"_graphic":{"srcAdvanced":{"_setImagePerDeviceSize":false}}},"_mapMenu":{"_shouldShowTitleBar":true,"_pointerWidth":0,"_menuScrollableContainerMaxWidth":1024,"_menuImageWidth":1024,"_defaultPointerWidth":0,"_position":{"_top":50,"_left":50}},"_coverMenu":{"homeButtonAriaLabel":"Home","prevButtonAriaLabel":"Previous","nextButtonAriaLabel":"Next","_shouldShowProgressBarsOnMenus":true,"_coverButtonText":"View","srcAdvanced":{"_setImagePerDeviceSize":false}},"_boxMenu":{"itemCompletionText":"Complete","_isVerticalItemLayout":false,"_showCompletionStatusInFooter":false,"_showCompletionStatusOnMenus":false,"_shouldShowProgressBarsOnMenus":true,"_itemsPerRowMedium":2,"_itemsPerRowLarge":2,"_mobileBackgroundImage":{"_repeat":false,"_fixed":false,"_position":"center","_size":"cover"},"_backgroundImage":{"_repeat":false,"_fixed":false,"_position":"center","_size":"cover"},"_headerGraphic":{"_offset":{"_left":"0","_top":"0"},"_position":"bottom-right","_isFloatingGraphic":false,"_hideOnMobile":false,"_isOverridingTheme":false},"_heroImage":{"_graphic":{"srcAdvanced":{"_setImagePerDeviceSize":false}},"_contentWidth":70,"layout":"center"},"srcAdvanced":{"_setImagePerDeviceSize":false}},"_search":{"_searchTagIds":[]},"_courseAssessment":{"_isAssessmentPage":false},"_contentLocking":{"_requiredAmount":0,"_requiredCompleteIds":[],"_shouldDisableNotifyOnUnlock":false,"_lockingType":"contentObject","_isEnabled":false},"_mobileBackgroundImage":{"_repeat":false,"_fixed":false,"_position":"center","_size":"cover"},"_backgroundImage":{"_repeat":false,"_fixed":false,"_position":"center","_size":"cover"},"_heroImage":{"title":"Recording a Video with a mobile device","body":"<p>Recording and editing video with your phone</p>","_floatingGraphic":{"_hideOnMobile":false,"_offset":{"_left":"0","_top":"0"},"_position":"bottom-right"},"_graphic":{"srcAdvanced":{"_setImagePerDeviceSize":false}},"_contentWidth":70,"layout":"center","_isEnabled":false},"_completionComponentIds":[],"_pageCompletionMethod":"components","_hidePageHeader":false,"_categories":[],"durationLabel":"Duration","isLinkIconRightPosition":false,"linkText":"View","_graphic":{"_offset":{"_left":"0","_top":"0"},"_position":"bottom-right","_isFloatingGraphic":false,"_hideOnMobile":false,"_isOverridingTheme":false},"title":"Recording using a mobile device","_evolveTags":[],"_updatedAt":"2019-07-31T11:18:51.696Z","_createdAt":"2019-07-31T10:00:52.983Z","_type":"page","_isVisible":true,"_courseOrder":"1","_descendantComponentIds":["5d4166d5cc85e20d39f9b782","5d4166d5cc85e20d39f9b783","5d4166d5cc85e20d39f9b785","5d4166d5cc85e20d39f9b788","5d4166d5cc85e20d39f9b78b","5dca840c0a7b5e32fa87f84a","5dca77200a7b5e32fa87f82e","5d4166d5cc85e20d39f9b78f"],"_childrenIds":["5d4166d5cc85e20d39f9b780","5d4166d5cc85e20d39f9b786","5dca750e0a7b5e32fa87f81b","5d4166d5cc85e20d39f9b78d"]},{"_id":"5d4166d5cc85e20d39f9b7d4","_courseId":"5d4166d4cc85e20d39f9b73c","_parentId":"5d4166d5cc85e20d39f9b7a4","_sortOrder":0,"__v":0,"_refId":"5c9ca6a59edd9c421da5fe3a","displayTitle":"Uploading from a mobile device - the easy way","_swipeMenu":{"prevButtonAriaLabel":"Previous","nextButtonAriaLabel":"Next","_shouldShowProgressBarsOnMenus":true,"_mobileBackgroundImage":{"_repeat":false,"_fixed":false,"_position":"center","_size":"cover"},"_backgroundImage":{"_repeat":false,"_fixed":false,"_position":"center","_size":"cover"},"_headerGraphic":{"_offset":{"_left":"0","_top":"0"},"_position":"bottom-right","_isFloatingGraphic":false,"_hideOnMobile":false,"_isOverridingTheme":false},"_heroImage":{"_graphic":{"srcAdvanced":{"_setImagePerDeviceSize":false}},"_contentWidth":70,"layout":"center"},"_shouldHideDisabledControl":false,"_shouldShowControlsOnHover":false,"_shouldAlwaysShowItems":false,"_shouldShowControlsOnBottom":false,"_shouldDisableItemScaling":false,"_shouldDisableDetailOnHover":false,"_hoverGraphic":{"srcAdvanced":{"_setImagePerDeviceSize":false}},"_graphic":{"srcAdvanced":{"_setImagePerDeviceSize":false}}},"_standardMenu":{"_shouldShowIconOnMenuItems":true,"_shouldShowProgressBarsOnMenus":true,"_mobileBackgroundImage":{"_repeat":false,"_fixed":false,"_position":"center","_size":"cover"},"_backgroundImage":{"_repeat":false,"_fixed":false,"_position":"center","_size":"cover"},"_headerGraphic":{"_offset":{"_left":"0","_top":"0"},"_position":"bottom-right","_isFloatingGraphic":false,"_hideOnMobile":false,"_isOverridingTheme":false},"_heroImage":{"_graphic":{"srcAdvanced":{"_setImagePerDeviceSize":false}},"_contentWidth":70,"layout":"center"}},"_playlistMenu":{"_heroImage":{"_floatingGraphic":{"_hideOnMobile":false,"_offset":{"_left":"0","_top":"0"},"_position":"bottom-right"},"_graphic":{"srcAdvanced":{"_setImagePerDeviceSize":false}},"_contentWidth":70,"layout":"center"},"_mobileBackgroundImage":{"_repeat":false,"_fixed":false,"_position":"center","_size":"cover"},"_desktopBackgroundImage":{"_repeat":false,"_fixed":false,"_position":"center","_size":"cover"},"_backgroundImage":{"srcAdvanced":{"_setImagePerDeviceSize":false}},"_graphic":{"srcAdvanced":{"_setImagePerDeviceSize":false}}},"_mapMenu":{"_shouldShowTitleBar":true,"_pointerWidth":0,"_menuScrollableContainerMaxWidth":1024,"_menuImageWidth":1024,"_defaultPointerWidth":0,"_position":{"_top":50,"_left":50}},"_coverMenu":{"homeButtonAriaLabel":"Home","prevButtonAriaLabel":"Previous","nextButtonAriaLabel":"Next","_shouldShowProgressBarsOnMenus":true,"_coverButtonText":"View","srcAdvanced":{"_setImagePerDeviceSize":false}},"_boxMenu":{"itemCompletionText":"Complete","_isVerticalItemLayout":false,"_showCompletionStatusInFooter":false,"_showCompletionStatusOnMenus":false,"_shouldShowProgressBarsOnMenus":true,"_itemsPerRowMedium":2,"_itemsPerRowLarge":2,"_mobileBackgroundImage":{"_repeat":false,"_fixed":false,"_position":"center","_size":"cover"},"_backgroundImage":{"_repeat":false,"_fixed":false,"_position":"center","_size":"cover"},"_headerGraphic":{"_offset":{"_left":"0","_top":"0"},"_position":"bottom-right","_isFloatingGraphic":false,"_hideOnMobile":false,"_isOverridingTheme":false},"_heroImage":{"_graphic":{"srcAdvanced":{"_setImagePerDeviceSize":false}},"_contentWidth":70,"layout":"center"},"srcAdvanced":{"_setImagePerDeviceSize":false}},"_search":{"_searchTagIds":[]},"_courseAssessment":{"_isAssessmentPage":false},"_contentLocking":{"_requiredAmount":0,"_requiredCompleteIds":[],"_shouldDisableNotifyOnUnlock":false,"_lockingType":"contentObject","_isEnabled":false},"_mobileBackgroundImage":{"_repeat":false,"_fixed":false,"_position":"center","_size":"cover"},"_backgroundImage":{"_repeat":false,"_fixed":false,"_position":"center","_size":"cover"},"_heroImage":{"_floatingGraphic":{"_hideOnMobile":false,"_offset":{"_left":"0","_top":"0"},"_position":"bottom-right"},"_graphic":{"srcAdvanced":{"_setImagePerDeviceSize":false}},"_contentWidth":70,"layout":"center","_isEnabled":false},"_completionComponentIds":[],"_pageCompletionMethod":"components","_hidePageHeader":false,"_categories":[],"durationLabel":"Duration","isLinkIconRightPosition":false,"linkText":"View","_graphic":{"_offset":{"_left":"0","_top":"0"},"_position":"bottom-right","_isFloatingGraphic":false,"_hideOnMobile":false,"_isOverridingTheme":false},"title":"Uploading a Video on a mobile","_evolveTags":[],"_updatedAt":"2019-07-31T10:00:53.816Z","_createdAt":"2019-07-31T10:00:53.816Z","_type":"page","_isVisible":true,"_courseOrder":"3","_descendantComponentIds":["5d4166d5cc85e20d39f9b7d7","5d4166d5cc85e20d39f9b7d9","5d4166d5cc85e20d39f9b7dc"],"_childrenIds":["5d4166d5cc85e20d39f9b7d5","5d4166d5cc85e20d39f9b7da"]},{"_id":"5d4166d5cc85e20d39f9b7de","_courseId":"5d4166d4cc85e20d39f9b73c","_parentId":"5d4166d5cc85e20d39f9b7dd","_sortOrder":0,"__v":0,"_refId":"5c8120e6e6147525a4e4965a","displayTitle":"Submitting to Blackboard using a Computer","htmlTitle":"Submitting to Blackboard using a Computer","_swipeMenu":{"prevButtonAriaLabel":"Previous","nextButtonAriaLabel":"Next","_shouldShowProgressBarsOnMenus":true,"_mobileBackgroundImage":{"_repeat":false,"_fixed":false,"_position":"center","_size":"cover"},"_backgroundImage":{"_repeat":false,"_fixed":false,"_position":"center","_size":"cover"},"_headerGraphic":{"_offset":{"_left":"0","_top":"0"},"_position":"bottom-right","_isFloatingGraphic":false,"_hideOnMobile":false,"_isOverridingTheme":false},"_heroImage":{"_graphic":{"srcAdvanced":{"_setImagePerDeviceSize":false}},"_contentWidth":70,"layout":"center"},"_shouldHideDisabledControl":false,"_shouldShowControlsOnHover":false,"_shouldAlwaysShowItems":false,"_shouldShowControlsOnBottom":false,"_shouldDisableItemScaling":false,"_shouldDisableDetailOnHover":false,"_hoverGraphic":{"srcAdvanced":{"_setImagePerDeviceSize":false}},"_graphic":{"srcAdvanced":{"_setImagePerDeviceSize":false}}},"_standardMenu":{"_shouldShowIconOnMenuItems":true,"_shouldShowProgressBarsOnMenus":true,"_mobileBackgroundImage":{"_repeat":false,"_fixed":false,"_position":"center","_size":"cover"},"_backgroundImage":{"_repeat":false,"_fixed":false,"_position":"center","_size":"cover"},"_headerGraphic":{"_offset":{"_left":"0","_top":"0"},"_position":"bottom-right","_isFloatingGraphic":false,"_hideOnMobile":false,"_isOverridingTheme":false},"_heroImage":{"_graphic":{"srcAdvanced":{"_setImagePerDeviceSize":false}},"_contentWidth":70,"layout":"center"}},"_playlistMenu":{"_heroImage":{"_floatingGraphic":{"_hideOnMobile":false,"_offset":{"_left":"0","_top":"0"},"_position":"bottom-right"},"_graphic":{"srcAdvanced":{"_setImagePerDeviceSize":false}},"_contentWidth":70,"layout":"center"},"_mobileBackgroundImage":{"_repeat":false,"_fixed":false,"_position":"center","_size":"cover"},"_desktopBackgroundImage":{"_repeat":false,"_fixed":false,"_position":"center","_size":"cover"},"_backgroundImage":{"srcAdvanced":{"_setImagePerDeviceSize":false}},"_graphic":{"srcAdvanced":{"_setImagePerDeviceSize":false}}},"_mapMenu":{"_shouldShowTitleBar":true,"_pointerWidth":0,"_menuScrollableContainerMaxWidth":1024,"_menuImageWidth":1024,"_defaultPointerWidth":0,"_position":{"_top":50,"_left":50}},"_coverMenu":{"homeButtonAriaLabel":"Home","prevButtonAriaLabel":"Previous","nextButtonAriaLabel":"Next","_shouldShowProgressBarsOnMenus":true,"_coverButtonText":"View","srcAdvanced":{"_setImagePerDeviceSize":false}},"_boxMenu":{"itemCompletionText":"Complete","_isVerticalItemLayout":false,"_showCompletionStatusInFooter":false,"_showCompletionStatusOnMenus":false,"_shouldShowProgressBarsOnMenus":true,"_itemsPerRowMedium":2,"_itemsPerRowLarge":2,"_mobileBackgroundImage":{"_repeat":false,"_fixed":false,"_position":"center","_size":"cover"},"_backgroundImage":{"_repeat":false,"_fixed":false,"_position":"center","_size":"cover"},"_headerGraphic":{"_offset":{"_left":"0","_top":"0"},"_position":"bottom-right","_isFloatingGraphic":false,"_hideOnMobile":false,"_isOverridingTheme":false},"_heroImage":{"_graphic":{"srcAdvanced":{"_setImagePerDeviceSize":false}},"_contentWidth":70,"layout":"center"},"srcAdvanced":{"_setImagePerDeviceSize":false}},"_search":{"_searchTagIds":[]},"_courseAssessment":{"_isAssessmentPage":false},"_contentLocking":{"_requiredAmount":0,"_requiredCompleteIds":[],"_shouldDisableNotifyOnUnlock":false,"_lockingType":"contentObject","_isEnabled":false},"_mobileBackgroundImage":{"_repeat":false,"_fixed":false,"_position":"center","_size":"cover"},"_backgroundImage":{"_repeat":false,"_fixed":false,"_position":"center","_size":"cover"},"_heroImage":{"_floatingGraphic":{"_hideOnMobile":false,"_offset":{"_left":"0","_top":"0"},"_position":"bottom-right"},"_graphic":{"srcAdvanced":{"_setImagePerDeviceSize":false}},"_contentWidth":70,"layout":"center","_isEnabled":false},"_completionComponentIds":[],"_pageCompletionMethod":"components","_hidePageHeader":false,"_categories":[],"durationLabel":"Duration","isLinkIconRightPosition":false,"linkText":"View","_graphic":{"_offset":{"_left":"0","_top":"0"},"_position":"bottom-right","_isFloatingGraphic":false,"_hideOnMobile":false,"_isOverridingTheme":false},"title":"Submitting to Blackboard using a Computer","_evolveTags":[],"_updatedAt":"2019-07-31T10:00:53.911Z","_createdAt":"2019-07-31T10:00:53.911Z","_type":"page","_isVisible":true,"_courseOrder":"7","_descendantComponentIds":["5d4166d5cc85e20d39f9b7e1","5d4166d5cc85e20d39f9b7e3","5d4166d5cc85e20d39f9b7e6","5d4166d6cc85e20d39f9b7ea"],"_childrenIds":["5d4166d5cc85e20d39f9b7df","5d4166d5cc85e20d39f9b7e4","5d4166d5cc85e20d39f9b7e8"]},{"_id":"5d4166d6cc85e20d39f9b7f6","_courseId":"5d4166d4cc85e20d39f9b73c","_parentId":"5d4166d6cc85e20d39f9b7f5","_sortOrder":0,"__v":0,"_refId":"5ca323ef8c606d05f521fa5d","displayTitle":"Online Video editing with Panopto","_swipeMenu":{"prevButtonAriaLabel":"Previous","nextButtonAriaLabel":"Next","_shouldShowProgressBarsOnMenus":true,"_mobileBackgroundImage":{"_repeat":false,"_fixed":false,"_position":"center","_size":"cover"},"_backgroundImage":{"_repeat":false,"_fixed":false,"_position":"center","_size":"cover"},"_headerGraphic":{"_offset":{"_left":"0","_top":"0"},"_position":"bottom-right","_isFloatingGraphic":false,"_hideOnMobile":false,"_isOverridingTheme":false},"_heroImage":{"_graphic":{"srcAdvanced":{"_setImagePerDeviceSize":false}},"_contentWidth":70,"layout":"center"},"_shouldHideDisabledControl":false,"_shouldShowControlsOnHover":false,"_shouldAlwaysShowItems":false,"_shouldShowControlsOnBottom":false,"_shouldDisableItemScaling":false,"_shouldDisableDetailOnHover":false,"_hoverGraphic":{"srcAdvanced":{"_setImagePerDeviceSize":false}},"_graphic":{"srcAdvanced":{"_setImagePerDeviceSize":false}}},"_standardMenu":{"_shouldShowIconOnMenuItems":true,"_shouldShowProgressBarsOnMenus":true,"_mobileBackgroundImage":{"_repeat":false,"_fixed":false,"_position":"center","_size":"cover"},"_backgroundImage":{"_repeat":false,"_fixed":false,"_position":"center","_size":"cover"},"_headerGraphic":{"_offset":{"_left":"0","_top":"0"},"_position":"bottom-right","_isFloatingGraphic":false,"_hideOnMobile":false,"_isOverridingTheme":false},"_heroImage":{"_graphic":{"srcAdvanced":{"_setImagePerDeviceSize":false}},"_contentWidth":70,"layout":"center"}},"_playlistMenu":{"_heroImage":{"_floatingGraphic":{"_hideOnMobile":false,"_offset":{"_left":"0","_top":"0"},"_position":"bottom-right"},"_graphic":{"srcAdvanced":{"_setImagePerDeviceSize":false}},"_contentWidth":70,"layout":"center"},"_mobileBackgroundImage":{"_repeat":false,"_fixed":false,"_position":"center","_size":"cover"},"_desktopBackgroundImage":{"_repeat":false,"_fixed":false,"_position":"center","_size":"cover"},"_backgroundImage":{"srcAdvanced":{"_setImagePerDeviceSize":false}},"_graphic":{"srcAdvanced":{"_setImagePerDeviceSize":false}}},"_mapMenu":{"_shouldShowTitleBar":true,"_pointerWidth":0,"_menuScrollableContainerMaxWidth":1024,"_menuImageWidth":1024,"_defaultPointerWidth":0,"_position":{"_top":50,"_left":50}},"_coverMenu":{"homeButtonAriaLabel":"Home","prevButtonAriaLabel":"Previous","nextButtonAriaLabel":"Next","_shouldShowProgressBarsOnMenus":true,"_coverButtonText":"View","srcAdvanced":{"_setImagePerDeviceSize":false}},"_boxMenu":{"itemCompletionText":"Complete","_isVerticalItemLayout":false,"_showCompletionStatusInFooter":false,"_showCompletionStatusOnMenus":false,"_shouldShowProgressBarsOnMenus":true,"_itemsPerRowMedium":2,"_itemsPerRowLarge":2,"_mobileBackgroundImage":{"_repeat":false,"_fixed":false,"_position":"center","_size":"cover"},"_backgroundImage":{"_repeat":false,"_fixed":false,"_position":"center","_size":"cover"},"_headerGraphic":{"_offset":{"_left":"0","_top":"0"},"_position":"bottom-right","_isFloatingGraphic":false,"_hideOnMobile":false,"_isOverridingTheme":false},"_heroImage":{"_graphic":{"srcAdvanced":{"_setImagePerDeviceSize":false}},"_contentWidth":70,"layout":"center"},"srcAdvanced":{"_setImagePerDeviceSize":false}},"_search":{"_searchTagIds":[]},"_courseAssessment":{"_isAssessmentPage":false},"_contentLocking":{"_requiredAmount":0,"_requiredCompleteIds":[],"_shouldDisableNotifyOnUnlock":false,"_lockingType":"contentObject","_isEnabled":false},"_mobileBackgroundImage":{"_repeat":false,"_fixed":false,"_position":"center","_size":"cover"},"_backgroundImage":{"_repeat":false,"_fixed":false,"_position":"center","_size":"cover"},"_heroImage":{"body":"<p>Online Video Editing with Panopto</p>","_floatingGraphic":{"_hideOnMobile":false,"_offset":{"_left":"0","_top":"0"},"_position":"bottom-right"},"_graphic":{"srcAdvanced":{"_setImagePerDeviceSize":false}},"_contentWidth":70,"layout":"center","_isEnabled":false},"_completionComponentIds":[],"_pageCompletionMethod":"components","_hidePageHeader":false,"_categories":[],"durationLabel":"Duration","isLinkIconRightPosition":false,"linkText":"View","_graphic":{"_offset":{"_left":"0","_top":"0"},"_position":"bottom-right","_isFloatingGraphic":false,"_hideOnMobile":false,"_isOverridingTheme":false},"title":"New Content Object Title","_evolveTags":[],"_updatedAt":"2019-07-31T10:00:54.105Z","_createdAt":"2019-07-31T10:00:54.105Z","_type":"page","_isVisible":true,"_courseOrder":"12","_descendantComponentIds":["5d4166d6cc85e20d39f9b7f9","5d4166d6cc85e20d39f9b7fc"],"_childrenIds":["5d4166d6cc85e20d39f9b7f7","5d4166d6cc85e20d39f9b7fa"]},{"_id":"5d4166d4cc85e20d39f9b76f","_courseId":"5d4166d4cc85e20d39f9b73c","_parentId":"5d4166d4cc85e20d39f9b75d","_sortOrder":1,"__v":0,"_refId":"5c8138eee6147525a4e496a1","displayTitle":"Installing the App on a computer","_swipeMenu":{"prevButtonAriaLabel":"Previous","nextButtonAriaLabel":"Next","_shouldShowProgressBarsOnMenus":true,"_mobileBackgroundImage":{"_repeat":false,"_fixed":false,"_position":"center","_size":"cover"},"_backgroundImage":{"_repeat":false,"_fixed":false,"_position":"center","_size":"cover"},"_headerGraphic":{"_offset":{"_left":"0","_top":"0"},"_position":"bottom-right","_isFloatingGraphic":false,"_hideOnMobile":false,"_isOverridingTheme":false},"_heroImage":{"_graphic":{"srcAdvanced":{"_setImagePerDeviceSize":false}},"_contentWidth":70,"layout":"center"},"_shouldHideDisabledControl":false,"_shouldShowControlsOnHover":false,"_shouldAlwaysShowItems":false,"_shouldShowControlsOnBottom":false,"_shouldDisableItemScaling":false,"_shouldDisableDetailOnHover":false,"_hoverGraphic":{"srcAdvanced":{"_setImagePerDeviceSize":false}},"_graphic":{"srcAdvanced":{"_setImagePerDeviceSize":false}}},"_standardMenu":{"_shouldShowIconOnMenuItems":true,"_shouldShowProgressBarsOnMenus":true,"_mobileBackgroundImage":{"_repeat":false,"_fixed":false,"_position":"center","_size":"cover"},"_backgroundImage":{"_repeat":false,"_fixed":false,"_position":"center","_size":"cover"},"_headerGraphic":{"_offset":{"_left":"0","_top":"0"},"_position":"bottom-right","_isFloatingGraphic":false,"_hideOnMobile":false,"_isOverridingTheme":false},"_heroImage":{"_graphic":{"srcAdvanced":{"_setImagePerDeviceSize":false}},"_contentWidth":70,"layout":"center"}},"_playlistMenu":{"_heroImage":{"_floatingGraphic":{"_hideOnMobile":false,"_offset":{"_left":"0","_top":"0"},"_position":"bottom-right"},"_graphic":{"srcAdvanced":{"_setImagePerDeviceSize":false}},"_contentWidth":70,"layout":"center"},"_mobileBackgroundImage":{"_repeat":false,"_fixed":false,"_position":"center","_size":"cover"},"_desktopBackgroundImage":{"_repeat":false,"_fixed":false,"_position":"center","_size":"cover"},"_backgroundImage":{"srcAdvanced":{"_setImagePerDeviceSize":false}},"_graphic":{"srcAdvanced":{"_setImagePerDeviceSize":false}}},"_mapMenu":{"_shouldShowTitleBar":true,"_pointerWidth":0,"_menuScrollableContainerMaxWidth":1024,"_menuImageWidth":1024,"_defaultPointerWidth":0,"_position":{"_top":50,"_left":50}},"_coverMenu":{"homeButtonAriaLabel":"Home","prevButtonAriaLabel":"Previous","nextButtonAriaLabel":"Next","_shouldShowProgressBarsOnMenus":true,"_coverButtonText":"View","srcAdvanced":{"_setImagePerDeviceSize":false}},"_boxMenu":{"itemCompletionText":"Complete","_isVerticalItemLayout":false,"_showCompletionStatusInFooter":false,"_showCompletionStatusOnMenus":false,"_shouldShowProgressBarsOnMenus":true,"_itemsPerRowMedium":2,"_itemsPerRowLarge":2,"_mobileBackgroundImage":{"_repeat":false,"_fixed":false,"_position":"center","_size":"cover"},"_backgroundImage":{"_repeat":false,"_fixed":false,"_position":"center","_size":"cover"},"_headerGraphic":{"_offset":{"_left":"0","_top":"0"},"_position":"bottom-right","_isFloatingGraphic":false,"_hideOnMobile":false,"_isOverridingTheme":false},"_heroImage":{"_graphic":{"srcAdvanced":{"_setImagePerDeviceSize":false}},"_contentWidth":70,"layout":"center"},"srcAdvanced":{"_setImagePerDeviceSize":false}},"_search":{"_searchTagIds":[]},"_courseAssessment":{"_isAssessmentPage":false},"_contentLocking":{"_requiredAmount":0,"_requiredCompleteIds":[],"_shouldDisableNotifyOnUnlock":false,"_lockingType":"contentObject","_isEnabled":false},"_mobileBackgroundImage":{"_repeat":false,"_fixed":false,"_position":"center","_size":"cover"},"_backgroundImage":{"_repeat":false,"_fixed":false,"_position":"center","_size":"cover"},"_heroImage":{"_floatingGraphic":{"_hideOnMobile":false,"_offset":{"_left":"0","_top":"0"},"_position":"bottom-right"},"_graphic":{"srcAdvanced":{"_setImagePerDeviceSize":false}},"_contentWidth":70,"layout":"center","_isEnabled":false},"_completionComponentIds":[],"_pageCompletionMethod":"components","_hidePageHeader":false,"_categories":[],"durationLabel":"Duration","isLinkIconRightPosition":false,"linkText":"View","_graphic":{"_offset":{"_left":"0","_top":"0"},"_position":"bottom-right","_isFloatingGraphic":false,"_hideOnMobile":false,"_isOverridingTheme":false},"title":"Installing computer","_evolveTags":[],"_updatedAt":"2019-07-31T10:00:52.851Z","_createdAt":"2019-07-31T10:00:52.851Z","_type":"page","_isVisible":true,"_courseOrder":"11","_descendantComponentIds":["5d4166d4cc85e20d39f9b772","5d4166d4cc85e20d39f9b775","5d4166d4cc85e20d39f9b77b","5d4166d4cc85e20d39f9b77c","5d4166d4cc85e20d39f9b778"],"_childrenIds":["5d4166d4cc85e20d39f9b770","5d4166d4cc85e20d39f9b773","5d4166d4cc85e20d39f9b779","5d4166d4cc85e20d39f9b776"]},{"_id":"5d4166d4cc85e20d39f9b77d","_courseId":"5d4166d4cc85e20d39f9b73c","_parentId":"5d4166d4cc85e20d39f9b73c","_sortOrder":1,"__v":0,"_refId":"5c7fef8256a75e69d7c6840b","displayTitle":"Recording your Video","_swipeMenu":{"prevButtonAriaLabel":"Previous","nextButtonAriaLabel":"Next","_shouldShowProgressBarsOnMenus":true,"_mobileBackgroundImage":{"_repeat":false,"_fixed":false,"_position":"center","_size":"cover"},"_backgroundImage":{"_repeat":false,"_fixed":false,"_position":"center","_size":"cover"},"_headerGraphic":{"_offset":{"_left":"0","_top":"0"},"_position":"bottom-right","_isFloatingGraphic":false,"_hideOnMobile":false,"_isOverridingTheme":false},"_heroImage":{"_graphic":{"srcAdvanced":{"_setImagePerDeviceSize":false}},"_contentWidth":70,"layout":"center"},"_shouldHideDisabledControl":false,"_shouldShowControlsOnHover":false,"_shouldAlwaysShowItems":false,"_shouldShowControlsOnBottom":false,"_shouldDisableItemScaling":false,"_shouldDisableDetailOnHover":false,"_hoverGraphic":{"srcAdvanced":{"_setImagePerDeviceSize":false}},"_graphic":{"srcAdvanced":{"_setImagePerDeviceSize":false}}},"_standardMenu":{"_shouldShowIconOnMenuItems":true,"_shouldShowProgressBarsOnMenus":true,"_mobileBackgroundImage":{"_repeat":false,"_fixed":false,"_position":"center","_size":"cover"},"_backgroundImage":{"_repeat":false,"_fixed":false,"_position":"center","_size":"cover"},"_headerGraphic":{"_offset":{"_left":"0","_top":"0"},"_position":"bottom-right","_isFloatingGraphic":false,"_hideOnMobile":false,"_isOverridingTheme":false},"_heroImage":{"_graphic":{"srcAdvanced":{"_setImagePerDeviceSize":false}},"_contentWidth":70,"layout":"center"}},"_playlistMenu":{"_heroImage":{"_floatingGraphic":{"_hideOnMobile":false,"_offset":{"_left":"0","_top":"0"},"_position":"bottom-right"},"_graphic":{"srcAdvanced":{"_setImagePerDeviceSize":false}},"_contentWidth":70,"layout":"center"},"_mobileBackgroundImage":{"_repeat":false,"_fixed":false,"_position":"center","_size":"cover"},"_desktopBackgroundImage":{"_repeat":false,"_fixed":false,"_position":"center","_size":"cover"},"_backgroundImage":{"srcAdvanced":{"_setImagePerDeviceSize":false}},"_graphic":{"srcAdvanced":{"_setImagePerDeviceSize":false}}},"_mapMenu":{"_shouldShowTitleBar":true,"_pointerWidth":0,"_menuScrollableContainerMaxWidth":1024,"_menuImageWidth":1024,"_defaultPointerWidth":0,"_position":{"_top":50,"_left":50}},"_coverMenu":{"homeButtonAriaLabel":"Home","prevButtonAriaLabel":"Previous","nextButtonAriaLabel":"Next","_shouldShowProgressBarsOnMenus":true,"_coverButtonText":"View","srcAdvanced":{"_setImagePerDeviceSize":false}},"_boxMenu":{"itemCompletionText":"Complete","_isVerticalItemLayout":false,"_showCompletionStatusInFooter":false,"_showCompletionStatusOnMenus":false,"_shouldShowProgressBarsOnMenus":true,"_itemsPerRowMedium":2,"_itemsPerRowLarge":2,"_mobileBackgroundImage":{"_repeat":false,"_fixed":false,"_position":"center","_size":"cover"},"_backgroundImage":{"_repeat":false,"_fixed":false,"_position":"center","_size":"cover"},"_headerGraphic":{"_offset":{"_left":"0","_top":"0"},"_position":"bottom-right","_isFloatingGraphic":false,"_hideOnMobile":false,"_isOverridingTheme":false},"_heroImage":{"_graphic":{"srcAdvanced":{"_setImagePerDeviceSize":false}},"_contentWidth":70,"layout":"center"},"srcAdvanced":{"_setImagePerDeviceSize":false}},"_search":{"_searchTagIds":[]},"_courseAssessment":{"_isAssessmentPage":false},"_contentLocking":{"_requiredAmount":0,"_requiredCompleteIds":[],"_shouldDisableNotifyOnUnlock":false,"_lockingType":"contentObject","_isEnabled":false},"_mobileBackgroundImage":{"_repeat":false,"_fixed":false,"_position":"center","_size":"cover"},"_backgroundImage":{"_repeat":false,"_fixed":false,"_position":"center","_size":"cover"},"_heroImage":{"_floatingGraphic":{"_hideOnMobile":false,"_offset":{"_left":"0","_top":"0"},"_position":"bottom-right"},"_graphic":{"srcAdvanced":{"_setImagePerDeviceSize":false}},"_contentWidth":70,"layout":"center","_isEnabled":false},"_completionComponentIds":[],"_pageCompletionMethod":"components","_hidePageHeader":false,"_categories":[],"durationLabel":"Duration","isLinkIconRightPosition":false,"linkText":"View","_graphic":{"_offset":{"_left":"0","_top":"0"},"_position":"bottom-right","_isFloatingGraphic":false,"_hideOnMobile":false,"_isOverridingTheme":false},"title":"Recording your Video","_evolveTags":[],"_updatedAt":"2019-07-31T10:00:52.969Z","_createdAt":"2019-07-31T10:00:52.969Z","_type":"menu","_isVisible":true,"_childrenIds":["5d4166d4cc85e20d39f9b77e","5d4166d5cc85e20d39f9b795"]},{"_id":"5d4166d5cc85e20d39f9b795","_courseId":"5d4166d4cc85e20d39f9b73c","_parentId":"5d4166d4cc85e20d39f9b77d","_sortOrder":1,"__v":0,"_refId":"5c61594ff6b4af27956ef256","displayTitle":"Recording using a Personal Computer","_swipeMenu":{"prevButtonAriaLabel":"Previous","nextButtonAriaLabel":"Next","_shouldShowProgressBarsOnMenus":true,"_mobileBackgroundImage":{"_repeat":false,"_fixed":false,"_position":"center","_size":"cover"},"_backgroundImage":{"_repeat":false,"_fixed":false,"_position":"center","_size":"cover"},"_headerGraphic":{"_offset":{"_left":"0","_top":"0"},"_position":"bottom-right","_isFloatingGraphic":false,"_hideOnMobile":false,"_isOverridingTheme":false},"_heroImage":{"_graphic":{"srcAdvanced":{"_setImagePerDeviceSize":false}},"_contentWidth":70,"layout":"center"},"_shouldHideDisabledControl":false,"_shouldShowControlsOnHover":false,"_shouldAlwaysShowItems":false,"_shouldShowControlsOnBottom":false,"_shouldDisableItemScaling":false,"_shouldDisableDetailOnHover":false,"_hoverGraphic":{"srcAdvanced":{"_setImagePerDeviceSize":false}},"_graphic":{"srcAdvanced":{"_setImagePerDeviceSize":false}}},"_standardMenu":{"_shouldShowIconOnMenuItems":true,"_shouldShowProgressBarsOnMenus":true,"_mobileBackgroundImage":{"_repeat":false,"_fixed":false,"_position":"center","_size":"cover"},"_backgroundImage":{"_repeat":false,"_fixed":false,"_position":"center","_size":"cover"},"_headerGraphic":{"_offset":{"_left":"0","_top":"0"},"_position":"bottom-right","_isFloatingGraphic":false,"_hideOnMobile":false,"_isOverridingTheme":false},"_heroImage":{"_graphic":{"srcAdvanced":{"_setImagePerDeviceSize":false}},"_contentWidth":70,"layout":"center"}},"_playlistMenu":{"_heroImage":{"_floatingGraphic":{"_hideOnMobile":false,"_offset":{"_left":"0","_top":"0"},"_position":"bottom-right"},"_graphic":{"srcAdvanced":{"_setImagePerDeviceSize":false}},"_contentWidth":70,"layout":"center"},"_mobileBackgroundImage":{"_repeat":false,"_fixed":false,"_position":"center","_size":"cover"},"_desktopBackgroundImage":{"_repeat":false,"_fixed":false,"_position":"center","_size":"cover"},"_backgroundImage":{"srcAdvanced":{"_setImagePerDeviceSize":false}},"_graphic":{"srcAdvanced":{"_setImagePerDeviceSize":false}}},"_mapMenu":{"_shouldShowTitleBar":true,"_pointerWidth":0,"_menuScrollableContainerMaxWidth":1024,"_menuImageWidth":1024,"_defaultPointerWidth":0,"_position":{"_top":50,"_left":50}},"_coverMenu":{"homeButtonAriaLabel":"Home","prevButtonAriaLabel":"Previous","nextButtonAriaLabel":"Next","_shouldShowProgressBarsOnMenus":true,"_coverButtonText":"View","srcAdvanced":{"_setImagePerDeviceSize":false}},"_boxMenu":{"itemCompletionText":"Complete","_isVerticalItemLayout":false,"_showCompletionStatusInFooter":false,"_showCompletionStatusOnMenus":false,"_shouldShowProgressBarsOnMenus":true,"_itemsPerRowMedium":2,"_itemsPerRowLarge":2,"_mobileBackgroundImage":{"_repeat":false,"_fixed":false,"_position":"center","_size":"cover"},"_backgroundImage":{"_repeat":false,"_fixed":false,"_position":"center","_size":"cover"},"_headerGraphic":{"_offset":{"_left":"0","_top":"0"},"_position":"bottom-right","_isFloatingGraphic":false,"_hideOnMobile":false,"_isOverridingTheme":false},"_heroImage":{"_graphic":{"srcAdvanced":{"_setImagePerDeviceSize":false}},"_contentWidth":70,"layout":"center"},"srcAdvanced":{"_setImagePerDeviceSize":false}},"_search":{"_searchTagIds":[]},"_courseAssessment":{"_isAssessmentPage":false},"_contentLocking":{"_requiredAmount":0,"_requiredCompleteIds":[],"_shouldDisableNotifyOnUnlock":false,"_lockingType":"contentObject","_isEnabled":false},"_mobileBackgroundImage":{"_repeat":false,"_fixed":false,"_position":"center","_size":"cover"},"_backgroundImage":{"_repeat":false,"_fixed":false,"_position":"center","_size":"cover"},"_heroImage":{"_floatingGraphic":{"_hideOnMobile":false,"_offset":{"_left":"0","_top":"0"},"_position":"bottom-right"},"_graphic":{"srcAdvanced":{"_setImagePerDeviceSize":false}},"_contentWidth":70,"layout":"center","_isEnabled":false},"_completionComponentIds":[],"_pageCompletionMethod":"components","_hidePageHeader":false,"_categories":[],"durationLabel":"Duration","isLinkIconRightPosition":false,"linkText":"View","_graphic":{"_offset":{"_left":"0","_top":"0"},"_position":"bottom-right","_isFloatingGraphic":false,"_hideOnMobile":false,"_isOverridingTheme":false},"title":"Recording using a computer","_evolveTags":[],"_updatedAt":"2019-07-31T10:00:53.179Z","_createdAt":"2019-07-31T10:00:53.179Z","_type":"page","_isVisible":true,"_courseOrder":"2","_descendantComponentIds":["5d4166d5cc85e20d39f9b798","5d4166d5cc85e20d39f9b7a0","5d4166d5cc85e20d39f9b79d"],"_childrenIds":["5d4166d5cc85e20d39f9b796","5d4166d5cc85e20d39f9b79e","5d4166d5cc85e20d39f9b79b"]},{"_id":"5d4166d5cc85e20d39f9b7b3","_courseId":"5d4166d4cc85e20d39f9b73c","_parentId":"5d4166d5cc85e20d39f9b7a4","_sortOrder":1,"__v":0,"_refId":"5c62b01747d95560efada44f","displayTitle":"Uploading from a computer","_swipeMenu":{"prevButtonAriaLabel":"Previous","nextButtonAriaLabel":"Next","_shouldShowProgressBarsOnMenus":true,"_mobileBackgroundImage":{"_repeat":false,"_fixed":false,"_position":"center","_size":"cover"},"_backgroundImage":{"_repeat":false,"_fixed":false,"_position":"center","_size":"cover"},"_headerGraphic":{"_offset":{"_left":"0","_top":"0"},"_position":"bottom-right","_isFloatingGraphic":false,"_hideOnMobile":false,"_isOverridingTheme":false},"_heroImage":{"_graphic":{"srcAdvanced":{"_setImagePerDeviceSize":false}},"_contentWidth":70,"layout":"center"},"_shouldHideDisabledControl":false,"_shouldShowControlsOnHover":false,"_shouldAlwaysShowItems":false,"_shouldShowControlsOnBottom":false,"_shouldDisableItemScaling":false,"_shouldDisableDetailOnHover":false,"_hoverGraphic":{"srcAdvanced":{"_setImagePerDeviceSize":false}},"_graphic":{"srcAdvanced":{"_setImagePerDeviceSize":false}}},"_standardMenu":{"_shouldShowIconOnMenuItems":true,"_shouldShowProgressBarsOnMenus":true,"_mobileBackgroundImage":{"_repeat":false,"_fixed":false,"_position":"center","_size":"cover"},"_backgroundImage":{"_repeat":false,"_fixed":false,"_position":"center","_size":"cover"},"_headerGraphic":{"_offset":{"_left":"0","_top":"0"},"_position":"bottom-right","_isFloatingGraphic":false,"_hideOnMobile":false,"_isOverridingTheme":false},"_heroImage":{"_graphic":{"srcAdvanced":{"_setImagePerDeviceSize":false}},"_contentWidth":70,"layout":"center"}},"_playlistMenu":{"_heroImage":{"_floatingGraphic":{"_hideOnMobile":false,"_offset":{"_left":"0","_top":"0"},"_position":"bottom-right"},"_graphic":{"srcAdvanced":{"_setImagePerDeviceSize":false}},"_contentWidth":70,"layout":"center"},"_mobileBackgroundImage":{"_repeat":false,"_fixed":false,"_position":"center","_size":"cover"},"_desktopBackgroundImage":{"_repeat":false,"_fixed":false,"_position":"center","_size":"cover"},"_backgroundImage":{"srcAdvanced":{"_setImagePerDeviceSize":false}},"_graphic":{"srcAdvanced":{"_setImagePerDeviceSize":false}}},"_mapMenu":{"_shouldShowTitleBar":true,"_pointerWidth":0,"_menuScrollableContainerMaxWidth":1024,"_menuImageWidth":1024,"_defaultPointerWidth":0,"_position":{"_top":50,"_left":50}},"_coverMenu":{"homeButtonAriaLabel":"Home","prevButtonAriaLabel":"Previous","nextButtonAriaLabel":"Next","_shouldShowProgressBarsOnMenus":true,"_coverButtonText":"View","srcAdvanced":{"_setImagePerDeviceSize":false}},"_boxMenu":{"itemCompletionText":"Complete","_isVerticalItemLayout":false,"_showCompletionStatusInFooter":false,"_showCompletionStatusOnMenus":false,"_shouldShowProgressBarsOnMenus":true,"_itemsPerRowMedium":2,"_itemsPerRowLarge":2,"_mobileBackgroundImage":{"_repeat":false,"_fixed":false,"_position":"center","_size":"cover"},"_backgroundImage":{"_repeat":false,"_fixed":false,"_position":"center","_size":"cover"},"_headerGraphic":{"_offset":{"_left":"0","_top":"0"},"_position":"bottom-right","_isFloatingGraphic":false,"_hideOnMobile":false,"_isOverridingTheme":false},"_heroImage":{"_graphic":{"srcAdvanced":{"_setImagePerDeviceSize":false}},"_contentWidth":70,"layout":"center"},"srcAdvanced":{"_setImagePerDeviceSize":false}},"_search":{"_searchTagIds":[]},"_courseAssessment":{"_isAssessmentPage":false},"_contentLocking":{"_requiredAmount":0,"_requiredCompleteIds":[],"_shouldDisableNotifyOnUnlock":false,"_lockingType":"contentObject","_isEnabled":false},"_mobileBackgroundImage":{"_repeat":false,"_fixed":false,"_position":"center","_size":"cover"},"_backgroundImage":{"_repeat":false,"_fixed":false,"_position":"center","_size":"cover"},"_heroImage":{"title":"Uploading a video using a Computer","_floatingGraphic":{"_hideOnMobile":false,"_offset":{"_left":"0","_top":"0"},"_position":"bottom-right"},"_graphic":{"srcAdvanced":{"_setImagePerDeviceSize":false}},"_contentWidth":70,"layout":"center","_isEnabled":false},"_completionComponentIds":[],"_pageCompletionMethod":"components","_hidePageHeader":false,"_categories":[],"durationLabel":"Duration","isLinkIconRightPosition":false,"linkText":"View","_graphic":{"_offset":{"_left":"0","_top":"0"},"_position":"bottom-right","_isFloatingGraphic":false,"_hideOnMobile":false,"_isOverridingTheme":false},"title":"Uploading using a computer","_evolveTags":[],"_updatedAt":"2019-07-31T10:00:53.448Z","_createdAt":"2019-07-31T10:00:53.448Z","_type":"page","_isVisible":true,"_courseOrder":"4","_descendantComponentIds":["5d4166d5cc85e20d39f9b7ba","5d4166d5cc85e20d39f9b7b6","5d4166d5cc85e20d39f9b7b7","5d4166d5cc85e20d39f9b7be","5d4166d5cc85e20d39f9b7c0","5d4166d5cc85e20d39f9b7c3"],"_childrenIds":["5d4166d5cc85e20d39f9b7b8","5d4166d5cc85e20d39f9b7b4","5d4166d5cc85e20d39f9b7bc","5d4166d5cc85e20d39f9b7c1"]},{"_id":"5d4166d6cc85e20d39f9b7eb","_courseId":"5d4166d4cc85e20d39f9b73c","_parentId":"5d4166d5cc85e20d39f9b7dd","_sortOrder":1,"__v":0,"_refId":"5c812186e6147525a4e4965f","displayTitle":"Submitting a video using on Android or iOS","_swipeMenu":{"prevButtonAriaLabel":"Previous","nextButtonAriaLabel":"Next","_shouldShowProgressBarsOnMenus":true,"_mobileBackgroundImage":{"_repeat":false,"_fixed":false,"_position":"center","_size":"cover"},"_backgroundImage":{"_repeat":false,"_fixed":false,"_position":"center","_size":"cover"},"_headerGraphic":{"_offset":{"_left":"0","_top":"0"},"_position":"bottom-right","_isFloatingGraphic":false,"_hideOnMobile":false,"_isOverridingTheme":false},"_heroImage":{"_graphic":{"srcAdvanced":{"_setImagePerDeviceSize":false}},"_contentWidth":70,"layout":"center"},"_shouldHideDisabledControl":false,"_shouldShowControlsOnHover":false,"_shouldAlwaysShowItems":false,"_shouldShowControlsOnBottom":false,"_shouldDisableItemScaling":false,"_shouldDisableDetailOnHover":false,"_hoverGraphic":{"srcAdvanced":{"_setImagePerDeviceSize":false}},"_graphic":{"srcAdvanced":{"_setImagePerDeviceSize":false}}},"_standardMenu":{"_shouldShowIconOnMenuItems":true,"_shouldShowProgressBarsOnMenus":true,"_mobileBackgroundImage":{"_repeat":false,"_fixed":false,"_position":"center","_size":"cover"},"_backgroundImage":{"_repeat":false,"_fixed":false,"_position":"center","_size":"cover"},"_headerGraphic":{"_offset":{"_left":"0","_top":"0"},"_position":"bottom-right","_isFloatingGraphic":false,"_hideOnMobile":false,"_isOverridingTheme":false},"_heroImage":{"_graphic":{"srcAdvanced":{"_setImagePerDeviceSize":false}},"_contentWidth":70,"layout":"center"}},"_playlistMenu":{"_heroImage":{"_floatingGraphic":{"_hideOnMobile":false,"_offset":{"_left":"0","_top":"0"},"_position":"bottom-right"},"_graphic":{"srcAdvanced":{"_setImagePerDeviceSize":false}},"_contentWidth":70,"layout":"center"},"_mobileBackgroundImage":{"_repeat":false,"_fixed":false,"_position":"center","_size":"cover"},"_desktopBackgroundImage":{"_repeat":false,"_fixed":false,"_position":"center","_size":"cover"},"_backgroundImage":{"srcAdvanced":{"_setImagePerDeviceSize":false}},"_graphic":{"srcAdvanced":{"_setImagePerDeviceSize":false}}},"_mapMenu":{"_shouldShowTitleBar":true,"_pointerWidth":0,"_menuScrollableContainerMaxWidth":1024,"_menuImageWidth":1024,"_defaultPointerWidth":0,"_position":{"_top":50,"_left":50}},"_coverMenu":{"homeButtonAriaLabel":"Home","prevButtonAriaLabel":"Previous","nextButtonAriaLabel":"Next","_shouldShowProgressBarsOnMenus":true,"_coverButtonText":"View","srcAdvanced":{"_setImagePerDeviceSize":false}},"_boxMenu":{"itemCompletionText":"Complete","_isVerticalItemLayout":false,"_showCompletionStatusInFooter":false,"_showCompletionStatusOnMenus":false,"_shouldShowProgressBarsOnMenus":true,"_itemsPerRowMedium":2,"_itemsPerRowLarge":2,"_mobileBackgroundImage":{"_repeat":false,"_fixed":false,"_position":"center","_size":"cover"},"_backgroundImage":{"_repeat":false,"_fixed":false,"_position":"center","_size":"cover"},"_headerGraphic":{"_offset":{"_left":"0","_top":"0"},"_position":"bottom-right","_isFloatingGraphic":false,"_hideOnMobile":false,"_isOverridingTheme":false},"_heroImage":{"_graphic":{"srcAdvanced":{"_setImagePerDeviceSize":false}},"_contentWidth":70,"layout":"center"},"srcAdvanced":{"_setImagePerDeviceSize":false}},"_search":{"_searchTagIds":[]},"_courseAssessment":{"_isAssessmentPage":false},"_contentLocking":{"_requiredAmount":0,"_requiredCompleteIds":[],"_shouldDisableNotifyOnUnlock":false,"_lockingType":"contentObject","_isEnabled":false},"_mobileBackgroundImage":{"_repeat":false,"_fixed":false,"_position":"center","_size":"cover"},"_backgroundImage":{"_repeat":false,"_fixed":false,"_position":"center","_size":"cover"},"_heroImage":{"_floatingGraphic":{"_hideOnMobile":false,"_offset":{"_left":"0","_top":"0"},"_position":"bottom-right"},"_graphic":{"srcAdvanced":{"_setImagePerDeviceSize":false}},"_contentWidth":70,"layout":"center","_isEnabled":false},"_completionComponentIds":[],"_pageCompletionMethod":"components","_hidePageHeader":false,"_categories":[],"durationLabel":"Duration","isLinkIconRightPosition":false,"linkText":"View","_graphic":{"_offset":{"_left":"0","_top":"0"},"_position":"bottom-right","_isFloatingGraphic":false,"_hideOnMobile":false,"_isOverridingTheme":false},"title":"Submitting a video using the Blackboard App","_evolveTags":[],"_updatedAt":"2019-07-31T10:00:54.011Z","_createdAt":"2019-07-31T10:00:54.011Z","_type":"page","_isVisible":true,"_courseOrder":"8","_descendantComponentIds":["5d4166d6cc85e20d39f9b7ee","5d4166d6cc85e20d39f9b7f1"],"_childrenIds":["5d4166d6cc85e20d39f9b7ec","5d4166d6cc85e20d39f9b7ef"]},{"_id":"5d4166d5cc85e20d39f9b7a4","_courseId":"5d4166d4cc85e20d39f9b73c","_parentId":"5d4166d4cc85e20d39f9b73c","_sortOrder":2,"__v":0,"_refId":"5c7feffd56a75e69d7c68410","displayTitle":"Uploading your Video","_swipeMenu":{"prevButtonAriaLabel":"Previous","nextButtonAriaLabel":"Next","_shouldShowProgressBarsOnMenus":true,"_mobileBackgroundImage":{"_repeat":false,"_fixed":false,"_position":"center","_size":"cover"},"_backgroundImage":{"_repeat":false,"_fixed":false,"_position":"center","_size":"cover"},"_headerGraphic":{"_offset":{"_left":"0","_top":"0"},"_position":"bottom-right","_isFloatingGraphic":false,"_hideOnMobile":false,"_isOverridingTheme":false},"_heroImage":{"_graphic":{"srcAdvanced":{"_setImagePerDeviceSize":false}},"_contentWidth":70,"layout":"center"},"_shouldHideDisabledControl":false,"_shouldShowControlsOnHover":false,"_shouldAlwaysShowItems":false,"_shouldShowControlsOnBottom":false,"_shouldDisableItemScaling":false,"_shouldDisableDetailOnHover":false,"_hoverGraphic":{"srcAdvanced":{"_setImagePerDeviceSize":false}},"_graphic":{"srcAdvanced":{"_setImagePerDeviceSize":false}}},"_standardMenu":{"_shouldShowIconOnMenuItems":true,"_shouldShowProgressBarsOnMenus":true,"_mobileBackgroundImage":{"_repeat":false,"_fixed":false,"_position":"center","_size":"cover"},"_backgroundImage":{"_repeat":false,"_fixed":false,"_position":"center","_size":"cover"},"_headerGraphic":{"_offset":{"_left":"0","_top":"0"},"_position":"bottom-right","_isFloatingGraphic":false,"_hideOnMobile":false,"_isOverridingTheme":false},"_heroImage":{"_graphic":{"srcAdvanced":{"_setImagePerDeviceSize":false}},"_contentWidth":70,"layout":"center"}},"_playlistMenu":{"_heroImage":{"_floatingGraphic":{"_hideOnMobile":false,"_offset":{"_left":"0","_top":"0"},"_position":"bottom-right"},"_graphic":{"srcAdvanced":{"_setImagePerDeviceSize":false}},"_contentWidth":70,"layout":"center"},"_mobileBackgroundImage":{"_repeat":false,"_fixed":false,"_position":"center","_size":"cover"},"_desktopBackgroundImage":{"_repeat":false,"_fixed":false,"_position":"center","_size":"cover"},"_backgroundImage":{"srcAdvanced":{"_setImagePerDeviceSize":false}},"_graphic":{"srcAdvanced":{"_setImagePerDeviceSize":false}}},"_mapMenu":{"_shouldShowTitleBar":true,"_pointerWidth":0,"_menuScrollableContainerMaxWidth":1024,"_menuImageWidth":1024,"_defaultPointerWidth":0,"_position":{"_top":50,"_left":50}},"_coverMenu":{"homeButtonAriaLabel":"Home","prevButtonAriaLabel":"Previous","nextButtonAriaLabel":"Next","_shouldShowProgressBarsOnMenus":true,"_coverButtonText":"View","srcAdvanced":{"_setImagePerDeviceSize":false}},"_boxMenu":{"itemCompletionText":"Complete","_isVerticalItemLayout":false,"_showCompletionStatusInFooter":false,"_showCompletionStatusOnMenus":false,"_shouldShowProgressBarsOnMenus":true,"_itemsPerRowMedium":2,"_itemsPerRowLarge":2,"_mobileBackgroundImage":{"_repeat":false,"_fixed":false,"_position":"center","_size":"cover"},"_backgroundImage":{"_repeat":false,"_fixed":false,"_position":"center","_size":"cover"},"_headerGraphic":{"_offset":{"_left":"0","_top":"0"},"_position":"bottom-right","_isFloatingGraphic":false,"_hideOnMobile":false,"_isOverridingTheme":false},"_heroImage":{"_graphic":{"srcAdvanced":{"_setImagePerDeviceSize":false}},"_contentWidth":70,"layout":"center"},"srcAdvanced":{"_setImagePerDeviceSize":false}},"_search":{"_searchTagIds":[]},"_courseAssessment":{"_isAssessmentPage":false},"_contentLocking":{"_requiredAmount":0,"_requiredCompleteIds":[],"_shouldDisableNotifyOnUnlock":false,"_lockingType":"contentObject","_isEnabled":false},"_mobileBackgroundImage":{"_repeat":false,"_fixed":false,"_position":"center","_size":"cover"},"_backgroundImage":{"_repeat":false,"_fixed":false,"_position":"center","_size":"cover"},"_heroImage":{"_floatingGraphic":{"_hideOnMobile":false,"_offset":{"_left":"0","_top":"0"},"_position":"bottom-right"},"_graphic":{"srcAdvanced":{"_setImagePerDeviceSize":false}},"_contentWidth":70,"layout":"center","_isEnabled":false},"_completionComponentIds":[],"_pageCompletionMethod":"components","_hidePageHeader":false,"_categories":[],"durationLabel":"Duration","isLinkIconRightPosition":false,"linkText":"View","_graphic":{"_offset":{"_left":"0","_top":"0"},"_position":"bottom-right","_isFloatingGraphic":false,"_hideOnMobile":false,"_isOverridingTheme":false},"title":"uploading your video","_evolveTags":[],"_updatedAt":"2019-07-31T10:00:53.309Z","_createdAt":"2019-07-31T10:00:53.309Z","_type":"menu","_isVisible":true,"_childrenIds":["5d4166d5cc85e20d39f9b7d4","5d4166d5cc85e20d39f9b7b3","5d4166d5cc85e20d39f9b7a5","5d4166d5cc85e20d39f9b7c4"]},{"_id":"5d4166d5cc85e20d39f9b7a5","_courseId":"5d4166d4cc85e20d39f9b73c","_parentId":"5d4166d5cc85e20d39f9b7a4","_sortOrder":2,"__v":0,"_refId":"5c62985d47d95560efada42e","displayTitle":"Uploading with the Panopto Android App","_swipeMenu":{"prevButtonAriaLabel":"Previous","nextButtonAriaLabel":"Next","_shouldShowProgressBarsOnMenus":true,"_mobileBackgroundImage":{"_repeat":false,"_fixed":false,"_position":"center","_size":"cover"},"_backgroundImage":{"_repeat":false,"_fixed":false,"_position":"center","_size":"cover"},"_headerGraphic":{"_offset":{"_left":"0","_top":"0"},"_position":"bottom-right","_isFloatingGraphic":false,"_hideOnMobile":false,"_isOverridingTheme":false},"_heroImage":{"_graphic":{"srcAdvanced":{"_setImagePerDeviceSize":false}},"_contentWidth":70,"layout":"center"},"_shouldHideDisabledControl":false,"_shouldShowControlsOnHover":false,"_shouldAlwaysShowItems":false,"_shouldShowControlsOnBottom":false,"_shouldDisableItemScaling":false,"_shouldDisableDetailOnHover":false,"_hoverGraphic":{"srcAdvanced":{"_setImagePerDeviceSize":false}},"_graphic":{"srcAdvanced":{"_setImagePerDeviceSize":false}}},"_standardMenu":{"_shouldShowIconOnMenuItems":true,"_shouldShowProgressBarsOnMenus":true,"_mobileBackgroundImage":{"_repeat":false,"_fixed":false,"_position":"center","_size":"cover"},"_backgroundImage":{"_repeat":false,"_fixed":false,"_position":"center","_size":"cover"},"_headerGraphic":{"_offset":{"_left":"0","_top":"0"},"_position":"bottom-right","_isFloatingGraphic":false,"_hideOnMobile":false,"_isOverridingTheme":false},"_heroImage":{"_graphic":{"srcAdvanced":{"_setImagePerDeviceSize":false}},"_contentWidth":70,"layout":"center"}},"_playlistMenu":{"_heroImage":{"_floatingGraphic":{"_hideOnMobile":false,"_offset":{"_left":"0","_top":"0"},"_position":"bottom-right"},"_graphic":{"srcAdvanced":{"_setImagePerDeviceSize":false}},"_contentWidth":70,"layout":"center"},"_mobileBackgroundImage":{"_repeat":false,"_fixed":false,"_position":"center","_size":"cover"},"_desktopBackgroundImage":{"_repeat":false,"_fixed":false,"_position":"center","_size":"cover"},"_backgroundImage":{"srcAdvanced":{"_setImagePerDeviceSize":false}},"_graphic":{"srcAdvanced":{"_setImagePerDeviceSize":false}}},"_mapMenu":{"_shouldShowTitleBar":true,"_pointerWidth":0,"_menuScrollableContainerMaxWidth":1024,"_menuImageWidth":1024,"_defaultPointerWidth":0,"_position":{"_top":50,"_left":50}},"_coverMenu":{"homeButtonAriaLabel":"Home","prevButtonAriaLabel":"Previous","nextButtonAriaLabel":"Next","_shouldShowProgressBarsOnMenus":true,"_coverButtonText":"View","srcAdvanced":{"_setImagePerDeviceSize":false}},"_boxMenu":{"itemCompletionText":"Complete","_isVerticalItemLayout":false,"_showCompletionStatusInFooter":false,"_showCompletionStatusOnMenus":false,"_shouldShowProgressBarsOnMenus":true,"_itemsPerRowMedium":2,"_itemsPerRowLarge":2,"_mobileBackgroundImage":{"_repeat":false,"_fixed":false,"_position":"center","_size":"cover"},"_backgroundImage":{"_repeat":false,"_fixed":false,"_position":"center","_size":"cover"},"_headerGraphic":{"_offset":{"_left":"0","_top":"0"},"_position":"bottom-right","_isFloatingGraphic":false,"_hideOnMobile":false,"_isOverridingTheme":false},"_heroImage":{"_graphic":{"srcAdvanced":{"_setImagePerDeviceSize":false}},"_contentWidth":70,"layout":"center"},"srcAdvanced":{"_setImagePerDeviceSize":false}},"_search":{"_searchTagIds":[]},"_courseAssessment":{"_isAssessmentPage":false},"_contentLocking":{"_requiredAmount":0,"_requiredCompleteIds":[],"_shouldDisableNotifyOnUnlock":false,"_lockingType":"contentObject","_isEnabled":false},"_mobileBackgroundImage":{"_repeat":false,"_fixed":false,"_position":"center","_size":"cover"},"_backgroundImage":{"_repeat":false,"_fixed":false,"_position":"center","_size":"cover"},"_heroImage":{"_floatingGraphic":{"_hideOnMobile":false,"_offset":{"_left":"0","_top":"0"},"_position":"bottom-right"},"_graphic":{"srcAdvanced":{"_setImagePerDeviceSize":false}},"_contentWidth":70,"layout":"center","_isEnabled":false},"_completionComponentIds":[],"_pageCompletionMethod":"components","_hidePageHeader":false,"_categories":[],"durationLabel":"Duration","isLinkIconRightPosition":false,"linkText":"View","_graphic":{"_offset":{"_left":"0","_top":"0"},"_position":"bottom-right","_isFloatingGraphic":false,"_hideOnMobile":false,"_isOverridingTheme":false},"title":"Uploading a video Android App","_evolveTags":[],"_updatedAt":"2019-07-31T10:00:53.326Z","_createdAt":"2019-07-31T10:00:53.326Z","_type":"page","_isVisible":true,"_courseOrder":"5","_descendantComponentIds":["5d4166d5cc85e20d39f9b7aa","5d4166d5cc85e20d39f9b7a8","5d4166d5cc85e20d39f9b7ad","5d4166d5cc85e20d39f9b7b2"],"_childrenIds":["5d4166d5cc85e20d39f9b7a6","5d4166d5cc85e20d39f9b7ab","5d4166d5cc85e20d39f9b7b0"]},{"_id":"5d4166d6cc85e20d39f9b7f2","_courseId":"5d4166d4cc85e20d39f9b73c","_parentId":"5d4166d5cc85e20d39f9b7dd","_sortOrder":2,"__v":0,"_refId":"5c812323e6147525a4e49664","displayTitle":"Group assignment submission","_swipeMenu":{"prevButtonAriaLabel":"Previous","nextButtonAriaLabel":"Next","_shouldShowProgressBarsOnMenus":true,"_mobileBackgroundImage":{"_repeat":false,"_fixed":false,"_position":"center","_size":"cover"},"_backgroundImage":{"_repeat":false,"_fixed":false,"_position":"center","_size":"cover"},"_headerGraphic":{"_offset":{"_left":"0","_top":"0"},"_position":"bottom-right","_isFloatingGraphic":false,"_hideOnMobile":false,"_isOverridingTheme":false},"_heroImage":{"_graphic":{"srcAdvanced":{"_setImagePerDeviceSize":false}},"_contentWidth":70,"layout":"center"},"_shouldHideDisabledControl":false,"_shouldShowControlsOnHover":false,"_shouldAlwaysShowItems":false,"_shouldShowControlsOnBottom":false,"_shouldDisableItemScaling":false,"_shouldDisableDetailOnHover":false,"_hoverGraphic":{"srcAdvanced":{"_setImagePerDeviceSize":false}},"_graphic":{"srcAdvanced":{"_setImagePerDeviceSize":false}}},"_standardMenu":{"_shouldShowIconOnMenuItems":true,"_shouldShowProgressBarsOnMenus":true,"_mobileBackgroundImage":{"_repeat":false,"_fixed":false,"_position":"center","_size":"cover"},"_backgroundImage":{"_repeat":false,"_fixed":false,"_position":"center","_size":"cover"},"_headerGraphic":{"_offset":{"_left":"0","_top":"0"},"_position":"bottom-right","_isFloatingGraphic":false,"_hideOnMobile":false,"_isOverridingTheme":false},"_heroImage":{"_graphic":{"srcAdvanced":{"_setImagePerDeviceSize":false}},"_contentWidth":70,"layout":"center"}},"_playlistMenu":{"_heroImage":{"_floatingGraphic":{"_hideOnMobile":false,"_offset":{"_left":"0","_top":"0"},"_position":"bottom-right"},"_graphic":{"srcAdvanced":{"_setImagePerDeviceSize":false}},"_contentWidth":70,"layout":"center"},"_mobileBackgroundImage":{"_repeat":false,"_fixed":false,"_position":"center","_size":"cover"},"_desktopBackgroundImage":{"_repeat":false,"_fixed":false,"_position":"center","_size":"cover"},"_backgroundImage":{"srcAdvanced":{"_setImagePerDeviceSize":false}},"_graphic":{"srcAdvanced":{"_setImagePerDeviceSize":false}}},"_mapMenu":{"_shouldShowTitleBar":true,"_pointerWidth":0,"_menuScrollableContainerMaxWidth":1024,"_menuImageWidth":1024,"_defaultPointerWidth":0,"_position":{"_top":50,"_left":50}},"_coverMenu":{"homeButtonAriaLabel":"Home","prevButtonAriaLabel":"Previous","nextButtonAriaLabel":"Next","_shouldShowProgressBarsOnMenus":true,"_coverButtonText":"View","srcAdvanced":{"_setImagePerDeviceSize":false}},"_boxMenu":{"itemCompletionText":"Complete","_isVerticalItemLayout":false,"_showCompletionStatusInFooter":false,"_showCompletionStatusOnMenus":false,"_shouldShowProgressBarsOnMenus":true,"_itemsPerRowMedium":2,"_itemsPerRowLarge":2,"_mobileBackgroundImage":{"_repeat":false,"_fixed":false,"_position":"center","_size":"cover"},"_backgroundImage":{"_repeat":false,"_fixed":false,"_position":"center","_size":"cover"},"_headerGraphic":{"_offset":{"_left":"0","_top":"0"},"_position":"bottom-right","_isFloatingGraphic":false,"_hideOnMobile":false,"_isOverridingTheme":false},"_heroImage":{"_graphic":{"srcAdvanced":{"_setImagePerDeviceSize":false}},"_contentWidth":70,"layout":"center"},"srcAdvanced":{"_setImagePerDeviceSize":false}},"_search":{"_searchTagIds":[]},"_courseAssessment":{"_isAssessmentPage":false},"_contentLocking":{"_requiredAmount":0,"_requiredCompleteIds":[],"_shouldDisableNotifyOnUnlock":false,"_lockingType":"contentObject","_isEnabled":false},"_mobileBackgroundImage":{"_repeat":false,"_fixed":false,"_position":"center","_size":"cover"},"_backgroundImage":{"_repeat":false,"_fixed":false,"_position":"center","_size":"cover"},"_heroImage":{"_floatingGraphic":{"_hideOnMobile":false,"_offset":{"_left":"0","_top":"0"},"_position":"bottom-right"},"_graphic":{"srcAdvanced":{"_setImagePerDeviceSize":false}},"_contentWidth":70,"layout":"center","_isEnabled":false},"_completionComponentIds":[],"_pageCompletionMethod":"components","_hidePageHeader":false,"_categories":[],"durationLabel":"Duration","isLinkIconRightPosition":false,"linkText":"View","_graphic":{"_offset":{"_left":"0","_top":"0"},"_position":"bottom-right","_isFloatingGraphic":false,"_hideOnMobile":false,"_isOverridingTheme":false},"title":"Group assignment submission","_evolveTags":[],"_updatedAt":"2019-07-31T10:00:54.064Z","_createdAt":"2019-07-31T10:00:54.064Z","_type":"page","_isVisible":false,"_courseOrder":"9","_descendantComponentIds":[]},{"_id":"5d4166d5cc85e20d39f9b7c4","_courseId":"5d4166d4cc85e20d39f9b73c","_parentId":"5d4166d5cc85e20d39f9b7a4","_sortOrder":3,"__v":0,"_refId":"5c9a04a1cce4e45028b87e09","displayTitle":"Uploading with the Panopto iOS App","_swipeMenu":{"prevButtonAriaLabel":"Previous","nextButtonAriaLabel":"Next","_shouldShowProgressBarsOnMenus":true,"_mobileBackgroundImage":{"_repeat":false,"_fixed":false,"_position":"center","_size":"cover"},"_backgroundImage":{"_repeat":false,"_fixed":false,"_position":"center","_size":"cover"},"_headerGraphic":{"_offset":{"_left":"0","_top":"0"},"_position":"bottom-right","_isFloatingGraphic":false,"_hideOnMobile":false,"_isOverridingTheme":false},"_heroImage":{"_graphic":{"srcAdvanced":{"_setImagePerDeviceSize":false}},"_contentWidth":70,"layout":"center"},"_shouldHideDisabledControl":false,"_shouldShowControlsOnHover":false,"_shouldAlwaysShowItems":false,"_shouldShowControlsOnBottom":false,"_shouldDisableItemScaling":false,"_shouldDisableDetailOnHover":false,"_hoverGraphic":{"srcAdvanced":{"_setImagePerDeviceSize":false}},"_graphic":{"srcAdvanced":{"_setImagePerDeviceSize":false}}},"_standardMenu":{"_shouldShowIconOnMenuItems":true,"_shouldShowProgressBarsOnMenus":true,"_mobileBackgroundImage":{"_repeat":false,"_fixed":false,"_position":"center","_size":"cover"},"_backgroundImage":{"_repeat":false,"_fixed":false,"_position":"center","_size":"cover"},"_headerGraphic":{"_offset":{"_left":"0","_top":"0"},"_position":"bottom-right","_isFloatingGraphic":false,"_hideOnMobile":false,"_isOverridingTheme":false},"_heroImage":{"_graphic":{"srcAdvanced":{"_setImagePerDeviceSize":false}},"_contentWidth":70,"layout":"center"}},"_playlistMenu":{"_heroImage":{"_floatingGraphic":{"_hideOnMobile":false,"_offset":{"_left":"0","_top":"0"},"_position":"bottom-right"},"_graphic":{"srcAdvanced":{"_setImagePerDeviceSize":false}},"_contentWidth":70,"layout":"center"},"_mobileBackgroundImage":{"_repeat":false,"_fixed":false,"_position":"center","_size":"cover"},"_desktopBackgroundImage":{"_repeat":false,"_fixed":false,"_position":"center","_size":"cover"},"_backgroundImage":{"srcAdvanced":{"_setImagePerDeviceSize":false}},"_graphic":{"srcAdvanced":{"_setImagePerDeviceSize":false}}},"_mapMenu":{"_shouldShowTitleBar":true,"_pointerWidth":0,"_menuScrollableContainerMaxWidth":1024,"_menuImageWidth":1024,"_defaultPointerWidth":0,"_position":{"_top":50,"_left":50}},"_coverMenu":{"homeButtonAriaLabel":"Home","prevButtonAriaLabel":"Previous","nextButtonAriaLabel":"Next","_shouldShowProgressBarsOnMenus":true,"_coverButtonText":"View","srcAdvanced":{"_setImagePerDeviceSize":false}},"_boxMenu":{"itemCompletionText":"Complete","_isVerticalItemLayout":false,"_showCompletionStatusInFooter":false,"_showCompletionStatusOnMenus":false,"_shouldShowProgressBarsOnMenus":true,"_itemsPerRowMedium":2,"_itemsPerRowLarge":2,"_mobileBackgroundImage":{"_repeat":false,"_fixed":false,"_position":"center","_size":"cover"},"_backgroundImage":{"_repeat":false,"_fixed":false,"_position":"center","_size":"cover"},"_headerGraphic":{"_offset":{"_left":"0","_top":"0"},"_position":"bottom-right","_isFloatingGraphic":false,"_hideOnMobile":false,"_isOverridingTheme":false},"_heroImage":{"_graphic":{"srcAdvanced":{"_setImagePerDeviceSize":false}},"_contentWidth":70,"layout":"center"},"srcAdvanced":{"_setImagePerDeviceSize":false}},"_search":{"_searchTagIds":[]},"_courseAssessment":{"_isAssessmentPage":false},"_contentLocking":{"_requiredAmount":0,"_requiredCompleteIds":[],"_shouldDisableNotifyOnUnlock":false,"_lockingType":"contentObject","_isEnabled":false},"_mobileBackgroundImage":{"_repeat":false,"_fixed":false,"_position":"center","_size":"cover"},"_backgroundImage":{"_repeat":false,"_fixed":false,"_position":"center","_size":"cover"},"_heroImage":{"_floatingGraphic":{"_hideOnMobile":false,"_offset":{"_left":"0","_top":"0"},"_position":"bottom-right"},"_graphic":{"srcAdvanced":{"_setImagePerDeviceSize":false}},"_contentWidth":70,"layout":"center","_isEnabled":false},"_completionComponentIds":[],"_pageCompletionMethod":"components","_hidePageHeader":false,"_categories":[],"durationLabel":"Duration","isLinkIconRightPosition":false,"linkText":"View","_graphic":{"_offset":{"_left":"0","_top":"0"},"_position":"bottom-right","_isFloatingGraphic":false,"_hideOnMobile":false,"_isOverridingTheme":false},"title":"Uploading with iOS App","_evolveTags":[],"_updatedAt":"2019-07-31T10:00:53.614Z","_createdAt":"2019-07-31T10:00:53.614Z","_type":"page","_isVisible":true,"_courseOrder":"6","_descendantComponentIds":["5d4166d5cc85e20d39f9b7c8","5d4166d5cc85e20d39f9b7d3","5d4166d5cc85e20d39f9b7d1","5d4166d5cc85e20d39f9b7cb","5d4166d5cc85e20d39f9b7ce"],"_childrenIds":["5d4166d5cc85e20d39f9b7c5","5d4166d5cc85e20d39f9b7cf","5d4166d5cc85e20d39f9b7c9","5d4166d5cc85e20d39f9b7cc"]},{"_id":"5d4166d5cc85e20d39f9b7dd","_courseId":"5d4166d4cc85e20d39f9b73c","_parentId":"5d4166d4cc85e20d39f9b73c","_sortOrder":3,"__v":0,"_refId":"5c811fe8e6147525a4e49657","displayTitle":"Submitting your Video","body":"<p>In this section, you find all the information you need to submit your video.</p><p><br></p><p>This assumes that you have already recorded your video and that it is already on your Panopto Account. If not, check sections on recording your video and uploading your video to your Panopto account.</p>","_swipeMenu":{"prevButtonAriaLabel":"Previous","nextButtonAriaLabel":"Next","_shouldShowProgressBarsOnMenus":true,"_mobileBackgroundImage":{"_repeat":false,"_fixed":false,"_position":"center","_size":"cover"},"_backgroundImage":{"_repeat":false,"_fixed":false,"_position":"center","_size":"cover"},"_headerGraphic":{"_offset":{"_left":"0","_top":"0"},"_position":"bottom-right","_isFloatingGraphic":false,"_hideOnMobile":false,"_isOverridingTheme":false},"_heroImage":{"_graphic":{"srcAdvanced":{"_setImagePerDeviceSize":false}},"_contentWidth":70,"layout":"center"},"_shouldHideDisabledControl":false,"_shouldShowControlsOnHover":false,"_shouldAlwaysShowItems":false,"_shouldShowControlsOnBottom":false,"_shouldDisableItemScaling":false,"_shouldDisableDetailOnHover":false,"_hoverGraphic":{"srcAdvanced":{"_setImagePerDeviceSize":false}},"_graphic":{"srcAdvanced":{"_setImagePerDeviceSize":false}}},"_standardMenu":{"_shouldShowIconOnMenuItems":true,"_shouldShowProgressBarsOnMenus":true,"_mobileBackgroundImage":{"_repeat":false,"_fixed":false,"_position":"center","_size":"cover"},"_backgroundImage":{"_repeat":false,"_fixed":false,"_position":"center","_size":"cover"},"_headerGraphic":{"_offset":{"_left":"0","_top":"0"},"_position":"bottom-right","_isFloatingGraphic":false,"_hideOnMobile":false,"_isOverridingTheme":false},"_heroImage":{"_graphic":{"srcAdvanced":{"_setImagePerDeviceSize":false}},"_contentWidth":70,"layout":"center"}},"_playlistMenu":{"_heroImage":{"_floatingGraphic":{"_hideOnMobile":false,"_offset":{"_left":"0","_top":"0"},"_position":"bottom-right"},"_graphic":{"srcAdvanced":{"_setImagePerDeviceSize":false}},"_contentWidth":70,"layout":"center"},"_mobileBackgroundImage":{"_repeat":false,"_fixed":false,"_position":"center","_size":"cover"},"_desktopBackgroundImage":{"_repeat":false,"_fixed":false,"_position":"center","_size":"cover"},"_backgroundImage":{"srcAdvanced":{"_setImagePerDeviceSize":false}},"_graphic":{"srcAdvanced":{"_setImagePerDeviceSize":false}}},"_mapMenu":{"_shouldShowTitleBar":true,"_pointerWidth":0,"_menuScrollableContainerMaxWidth":1024,"_menuImageWidth":1024,"_defaultPointerWidth":0,"_position":{"_top":50,"_left":50}},"_coverMenu":{"homeButtonAriaLabel":"Home","prevButtonAriaLabel":"Previous","nextButtonAriaLabel":"Next","_shouldShowProgressBarsOnMenus":true,"_coverButtonText":"View","srcAdvanced":{"_setImagePerDeviceSize":false}},"_boxMenu":{"itemCompletionText":"Complete","_isVerticalItemLayout":false,"_showCompletionStatusInFooter":false,"_showCompletionStatusOnMenus":false,"_shouldShowProgressBarsOnMenus":true,"_itemsPerRowMedium":2,"_itemsPerRowLarge":2,"_mobileBackgroundImage":{"_repeat":false,"_fixed":false,"_position":"center","_size":"cover"},"_backgroundImage":{"_repeat":false,"_fixed":false,"_position":"center","_size":"cover"},"_headerGraphic":{"_offset":{"_left":"0","_top":"0"},"_position":"bottom-right","_isFloatingGraphic":false,"_hideOnMobile":false,"_isOverridingTheme":false},"_heroImage":{"_graphic":{"srcAdvanced":{"_setImagePerDeviceSize":false}},"_contentWidth":70,"layout":"center"},"srcAdvanced":{"_setImagePerDeviceSize":false}},"_search":{"_searchTagIds":[]},"_courseAssessment":{"_isAssessmentPage":false},"_contentLocking":{"_requiredAmount":0,"_requiredCompleteIds":[],"_shouldDisableNotifyOnUnlock":false,"_lockingType":"contentObject","_isEnabled":false},"_mobileBackgroundImage":{"_repeat":false,"_fixed":false,"_position":"center","_size":"cover"},"_backgroundImage":{"_repeat":false,"_fixed":false,"_position":"center","_size":"cover"},"_heroImage":{"_floatingGraphic":{"_hideOnMobile":false,"_offset":{"_left":"0","_top":"0"},"_position":"bottom-right"},"_graphic":{"srcAdvanced":{"_setImagePerDeviceSize":false}},"_contentWidth":70,"layout":"center","_isEnabled":false},"_completionComponentIds":[],"_pageCompletionMethod":"components","_hidePageHeader":false,"_categories":[],"durationLabel":"Duration","isLinkIconRightPosition":false,"linkText":"View","_graphic":{"_offset":{"_left":"0","_top":"0"},"_position":"bottom-right","_isFloatingGraphic":false,"_hideOnMobile":false,"_isOverridingTheme":false},"title":"Submitting a video","_evolveTags":[],"_updatedAt":"2019-07-31T10:00:53.899Z","_createdAt":"2019-07-31T10:00:53.899Z","_type":"menu","_isVisible":true,"_childrenIds":["5d4166d5cc85e20d39f9b7de","5d4166d6cc85e20d39f9b7eb"]},{"_id":"5d4166d4cc85e20d39f9b75d","_courseId":"5d4166d4cc85e20d39f9b73c","_parentId":"5d4166d4cc85e20d39f9b73c","_sortOrder":4,"__v":0,"_refId":"5c7fed8e56a75e69d7c683fe","displayTitle":"Installing Panopto","body":"","description":"","_swipeMenu":{"prevButtonAriaLabel":"Previous","nextButtonAriaLabel":"Next","_shouldShowProgressBarsOnMenus":true,"_mobileBackgroundImage":{"_repeat":false,"_fixed":false,"_position":"center","_size":"cover"},"_backgroundImage":{"_repeat":false,"_fixed":false,"_position":"center","_size":"cover"},"_headerGraphic":{"_offset":{"_left":"0","_top":"0"},"_position":"bottom-right","_isFloatingGraphic":false,"_hideOnMobile":false,"_isOverridingTheme":false},"_heroImage":{"_graphic":{"srcAdvanced":{"_setImagePerDeviceSize":false}},"_contentWidth":70,"layout":"center"},"_shouldHideDisabledControl":false,"_shouldShowControlsOnHover":false,"_shouldAlwaysShowItems":false,"_shouldShowControlsOnBottom":false,"_shouldDisableItemScaling":false,"_shouldDisableDetailOnHover":false,"_hoverGraphic":{"srcAdvanced":{"_setImagePerDeviceSize":false}},"_graphic":{"srcAdvanced":{"_setImagePerDeviceSize":false}}},"_standardMenu":{"_shouldShowIconOnMenuItems":true,"_shouldShowProgressBarsOnMenus":true,"_mobileBackgroundImage":{"_repeat":false,"_fixed":false,"_position":"center","_size":"cover"},"_backgroundImage":{"_repeat":false,"_fixed":false,"_position":"center","_size":"cover"},"_headerGraphic":{"alt":"This is a topic","_offset":{"_left":"0","_top":"0"},"_position":"bottom-right","_isFloatingGraphic":false,"_hideOnMobile":false,"_isOverridingTheme":false},"_heroImage":{"_graphic":{"srcAdvanced":{"_setImagePerDeviceSize":false}},"_contentWidth":70,"layout":"center"}},"_playlistMenu":{"_heroImage":{"_floatingGraphic":{"_hideOnMobile":false,"_offset":{"_left":"0","_top":"0"},"_position":"bottom-right"},"_graphic":{"srcAdvanced":{"_setImagePerDeviceSize":false}},"_contentWidth":70,"layout":"center"},"_mobileBackgroundImage":{"_repeat":false,"_fixed":false,"_position":"center","_size":"cover"},"_desktopBackgroundImage":{"_repeat":false,"_fixed":false,"_position":"center","_size":"cover"},"_backgroundImage":{"srcAdvanced":{"_setImagePerDeviceSize":false}},"_graphic":{"srcAdvanced":{"_setImagePerDeviceSize":false}}},"_mapMenu":{"_shouldShowTitleBar":true,"_pointerWidth":0,"_menuScrollableContainerMaxWidth":1024,"_menuImageWidth":1024,"_defaultPointerWidth":0,"_position":{"_top":50,"_left":50}},"_coverMenu":{"homeButtonAriaLabel":"Home","prevButtonAriaLabel":"Previous","nextButtonAriaLabel":"Next","_shouldShowProgressBarsOnMenus":true,"_coverButtonText":"View","srcAdvanced":{"_setImagePerDeviceSize":false}},"_boxMenu":{"itemCompletionText":"Complete","_isVerticalItemLayout":false,"_showCompletionStatusInFooter":false,"_showCompletionStatusOnMenus":false,"_shouldShowProgressBarsOnMenus":true,"_itemsPerRowMedium":2,"_itemsPerRowLarge":2,"_mobileBackgroundImage":{"_repeat":false,"_fixed":false,"_position":"center","_size":"cover"},"_backgroundImage":{"_repeat":false,"_fixed":false,"_position":"center","_size":"cover"},"_headerGraphic":{"_offset":{"_left":"0","_top":"0"},"_position":"bottom-right","_isFloatingGraphic":false,"_hideOnMobile":false,"_isOverridingTheme":false},"_heroImage":{"_graphic":{"srcAdvanced":{"_setImagePerDeviceSize":false}},"_contentWidth":70,"layout":"center"},"srcAdvanced":{"_setImagePerDeviceSize":false}},"_search":{"_searchTagIds":[]},"_courseAssessment":{"_isAssessmentPage":false},"_contentLocking":{"_requiredAmount":0,"_requiredCompleteIds":[],"_shouldDisableNotifyOnUnlock":false,"_lockingType":"contentObject","_isEnabled":false},"_mobileBackgroundImage":{"_repeat":false,"_fixed":false,"_position":"center","_size":"cover"},"_backgroundImage":{"_repeat":false,"_fixed":false,"_position":"center","_size":"cover"},"_heroImage":{"_floatingGraphic":{"_hideOnMobile":false,"_offset":{"_left":"0","_top":"0"},"_position":"bottom-right"},"_graphic":{"srcAdvanced":{"_setImagePerDeviceSize":false}},"_contentWidth":70,"layout":"center","_isEnabled":false},"_completionComponentIds":[],"_pageCompletionMethod":"components","_hidePageHeader":false,"_categories":[],"durationLabel":"Duration","isLinkIconRightPosition":false,"linkText":"View","_graphic":{"_offset":{"_left":"0","_top":"0"},"_position":"bottom-right","_isFloatingGraphic":false,"_hideOnMobile":false,"_isOverridingTheme":false},"title":"Installing Panopto","_evolveTags":[],"_updatedAt":"2019-07-31T10:00:52.705Z","_createdAt":"2019-07-31T10:00:52.705Z","_type":"menu","_isVisible":true,"_childrenIds":["5d4166d4cc85e20d39f9b75e","5d4166d4cc85e20d39f9b76f"]},{"_id":"5d4166d6cc85e20d39f9b7f5","_courseId":"5d4166d4cc85e20d39f9b73c","_parentId":"5d4166d4cc85e20d39f9b73c","_sortOrder":5,"__v":0,"_refId":"5c98f41f2b507a2249727a28","displayTitle":"Online Video Editor","_swipeMenu":{"prevButtonAriaLabel":"Previous","nextButtonAriaLabel":"Next","_shouldShowProgressBarsOnMenus":true,"_mobileBackgroundImage":{"_repeat":false,"_fixed":false,"_position":"center","_size":"cover"},"_backgroundImage":{"_repeat":false,"_fixed":false,"_position":"center","_size":"cover"},"_headerGraphic":{"_offset":{"_left":"0","_top":"0"},"_position":"bottom-right","_isFloatingGraphic":false,"_hideOnMobile":false,"_isOverridingTheme":false},"_heroImage":{"_graphic":{"srcAdvanced":{"_setImagePerDeviceSize":false}},"_contentWidth":70,"layout":"center"},"_shouldHideDisabledControl":false,"_shouldShowControlsOnHover":false,"_shouldAlwaysShowItems":false,"_shouldShowControlsOnBottom":false,"_shouldDisableItemScaling":false,"_shouldDisableDetailOnHover":false,"_hoverGraphic":{"srcAdvanced":{"_setImagePerDeviceSize":false}},"_graphic":{"srcAdvanced":{"_setImagePerDeviceSize":false}}},"_standardMenu":{"_shouldShowIconOnMenuItems":true,"_shouldShowProgressBarsOnMenus":true,"_mobileBackgroundImage":{"_repeat":false,"_fixed":false,"_position":"center","_size":"cover"},"_backgroundImage":{"_repeat":false,"_fixed":false,"_position":"center","_size":"cover"},"_headerGraphic":{"_offset":{"_left":"0","_top":"0"},"_position":"bottom-right","_isFloatingGraphic":false,"_hideOnMobile":false,"_isOverridingTheme":false},"_heroImage":{"_graphic":{"srcAdvanced":{"_setImagePerDeviceSize":false}},"_contentWidth":70,"layout":"center"}},"_playlistMenu":{"_heroImage":{"_floatingGraphic":{"_hideOnMobile":false,"_offset":{"_left":"0","_top":"0"},"_position":"bottom-right"},"_graphic":{"srcAdvanced":{"_setImagePerDeviceSize":false}},"_contentWidth":70,"layout":"center"},"_mobileBackgroundImage":{"_repeat":false,"_fixed":false,"_position":"center","_size":"cover"},"_desktopBackgroundImage":{"_repeat":false,"_fixed":false,"_position":"center","_size":"cover"},"_backgroundImage":{"srcAdvanced":{"_setImagePerDeviceSize":false}},"_graphic":{"srcAdvanced":{"_setImagePerDeviceSize":false}}},"_mapMenu":{"_shouldShowTitleBar":true,"_pointerWidth":0,"_menuScrollableContainerMaxWidth":1024,"_menuImageWidth":1024,"_defaultPointerWidth":0,"_position":{"_top":50,"_left":50}},"_coverMenu":{"homeButtonAriaLabel":"Home","prevButtonAriaLabel":"Previous","nextButtonAriaLabel":"Next","_shouldShowProgressBarsOnMenus":true,"_coverButtonText":"View","srcAdvanced":{"_setImagePerDeviceSize":false}},"_boxMenu":{"itemCompletionText":"Complete","_isVerticalItemLayout":false,"_showCompletionStatusInFooter":false,"_showCompletionStatusOnMenus":false,"_shouldShowProgressBarsOnMenus":true,"_itemsPerRowMedium":2,"_itemsPerRowLarge":2,"_mobileBackgroundImage":{"_repeat":false,"_fixed":false,"_position":"center","_size":"cover"},"_backgroundImage":{"_repeat":false,"_fixed":false,"_position":"center","_size":"cover"},"_headerGraphic":{"_offset":{"_left":"0","_top":"0"},"_position":"bottom-right","_isFloatingGraphic":false,"_hideOnMobile":false,"_isOverridingTheme":false},"_heroImage":{"_graphic":{"srcAdvanced":{"_setImagePerDeviceSize":false}},"_contentWidth":70,"layout":"center"},"srcAdvanced":{"_setImagePerDeviceSize":false}},"_search":{"_searchTagIds":[]},"_courseAssessment":{"_isAssessmentPage":false},"_contentLocking":{"_requiredAmount":0,"_requiredCompleteIds":[],"_shouldDisableNotifyOnUnlock":false,"_lockingType":"contentObject","_isEnabled":false},"_mobileBackgroundImage":{"_repeat":false,"_fixed":false,"_position":"center","_size":"cover"},"_backgroundImage":{"_repeat":false,"_fixed":false,"_position":"center","_size":"cover"},"_heroImage":{"_floatingGraphic":{"_hideOnMobile":false,"_offset":{"_left":"0","_top":"0"},"_position":"bottom-right"},"_graphic":{"srcAdvanced":{"_setImagePerDeviceSize":false}},"_contentWidth":70,"layout":"center","_isEnabled":false},"_completionComponentIds":[],"_pageCompletionMethod":"components","_hidePageHeader":false,"_categories":[],"durationLabel":"Duration","isLinkIconRightPosition":false,"linkText":"View","_graphic":{"_offset":{"_left":"0","_top":"0"},"_position":"bottom-right","_isFloatingGraphic":false,"_hideOnMobile":false,"_isOverridingTheme":false},"title":"Editing your video","_evolveTags":[],"_updatedAt":"2019-07-31T10:00:54.094Z","_createdAt":"2019-07-31T10:00:54.094Z","_type":"menu","_isVisible":true,"_childrenIds":["5d4166d6cc85e20d39f9b7f6"]},{"_id":"5d4d23ace0af4d4fab5a5305","_courseId":"5d4166d4cc85e20d39f9b73c","_parentId":"5d4166d4cc85e20d39f9b73c","_sortOrder":6,"_createdBy":"5bb390fed459f65d262aa3b3","__v":0,"_refId":"5d4d23ace0af4d4fab5a5305","_updatedBy":"5bb390fed459f65d262aa3b3","_swipeMenu":{"prevButtonAriaLabel":"Previous","nextButtonAriaLabel":"Next","_shouldShowProgressBarsOnMenus":true,"_mobileBackgroundImage":{"_repeat":false,"_fixed":false,"_position":"center","_size":"cover"},"_backgroundImage":{"_repeat":false,"_fixed":false,"_position":"center","_size":"cover"},"_headerGraphic":{"_offset":{"_left":"0","_top":"0"},"_position":"bottom-right","_isFloatingGraphic":false,"_hideOnMobile":false,"_isOverridingTheme":false},"_heroImage":{"_graphic":{"srcAdvanced":{"_setImagePerDeviceSize":false}},"_contentWidth":70,"layout":"center"},"_shouldHideDisabledControl":false,"_shouldShowControlsOnHover":false,"_shouldAlwaysShowItems":false,"_shouldShowControlsOnBottom":false,"_shouldDisableItemScaling":false,"_shouldDisableDetailOnHover":false,"_hoverGraphic":{"srcAdvanced":{"_setImagePerDeviceSize":false}},"_graphic":{"srcAdvanced":{"_setImagePerDeviceSize":false}}},"_standardMenu":{"_shouldShowIconOnMenuItems":true,"_shouldShowProgressBarsOnMenus":true,"_mobileBackgroundImage":{"_repeat":false,"_fixed":false,"_position":"center","_size":"cover"},"_backgroundImage":{"_repeat":false,"_fixed":false,"_position":"center","_size":"cover"},"_headerGraphic":{"_offset":{"_left":"0","_top":"0"},"_position":"bottom-right","_isFloatingGraphic":false,"_hideOnMobile":false,"_isOverridingTheme":false},"_heroImage":{"_graphic":{"srcAdvanced":{"_setImagePerDeviceSize":false}},"_contentWidth":70,"layout":"center"}},"_playlistMenu":{"_heroImage":{"_floatingGraphic":{"_hideOnMobile":false,"_offset":{"_left":"0","_top":"0"},"_position":"bottom-right"},"_graphic":{"srcAdvanced":{"_setImagePerDeviceSize":false}},"_contentWidth":70,"layout":"center"},"_mobileBackgroundImage":{"_repeat":false,"_fixed":false,"_position":"center","_size":"cover"},"_desktopBackgroundImage":{"_repeat":false,"_fixed":false,"_position":"center","_size":"cover"},"_backgroundImage":{"srcAdvanced":{"_setImagePerDeviceSize":false}},"_graphic":{"srcAdvanced":{"_setImagePerDeviceSize":false}}},"_mapMenu":{"_shouldShowTitleBar":true,"_pointerWidth":0,"_menuScrollableContainerMaxWidth":1024,"_menuImageWidth":1024,"_defaultPointerWidth":0,"_position":{"_top":50,"_left":50}},"_coverMenu":{"homeButtonAriaLabel":"Home","prevButtonAriaLabel":"Previous","nextButtonAriaLabel":"Next","_shouldShowProgressBarsOnMenus":true,"_coverButtonText":"View","srcAdvanced":{"_setImagePerDeviceSize":false}},"_boxMenu":{"itemCompletionText":"Complete","_isVerticalItemLayout":false,"_showCompletionStatusInFooter":false,"_showCompletionStatusOnMenus":false,"_shouldShowProgressBarsOnMenus":true,"_itemsPerRowMedium":2,"_itemsPerRowLarge":2,"_mobileBackgroundImage":{"_repeat":false,"_fixed":false,"_position":"center","_size":"cover"},"_backgroundImage":{"_repeat":false,"_fixed":false,"_position":"center","_size":"cover"},"_headerGraphic":{"_offset":{"_left":"0","_top":"0"},"_position":"bottom-right","_isFloatingGraphic":false,"_hideOnMobile":false,"_isOverridingTheme":false},"_heroImage":{"_graphic":{"srcAdvanced":{"_setImagePerDeviceSize":false}},"_contentWidth":70,"layout":"center"},"srcAdvanced":{"_setImagePerDeviceSize":false}},"_search":{"_searchTagIds":[]},"_courseAssessment":{"_isAssessmentPage":false},"_contentLocking":{"_requiredAmount":0,"_requiredCompleteIds":[],"_shouldDisableNotifyOnUnlock":false,"_lockingType":"contentObject","_isEnabled":false},"_mobileBackgroundImage":{"_repeat":false,"_fixed":false,"_position":"center","_size":"cover"},"_backgroundImage":{"_repeat":false,"_fixed":false,"_position":"center","_size":"cover"},"_heroImage":{"_floatingGraphic":{"_hideOnMobile":false,"_offset":{"_left":"0","_top":"0"},"_position":"bottom-right"},"_graphic":{"srcAdvanced":{"_setImagePerDeviceSize":false}},"_contentWidth":70,"layout":"center","_isEnabled":false},"_completionComponentIds":[],"_pageCompletionMethod":"components","_hidePageHeader":false,"_categories":[],"durationLabel":"Duration","isLinkIconRightPosition":false,"linkText":"View","_graphic":{"_offset":{"_left":"0","_top":"0"},"_position":"bottom-right","_isFloatingGraphic":false,"_hideOnMobile":false,"_isOverridingTheme":false},"title":"License","_evolveTags":[],"_updatedAt":"2019-08-09T07:42:06.816Z","_createdAt":"2019-08-09T07:41:32.982Z","_type":"page","_isVisible":false,"_courseOrder":"13","_descendantComponentIds":[]}]
