{"_id":"5d4166d4cc85e20d39f9b73c","__v":0,"_refId":"5bb4ad9303b3322639fb7495","_theme":"5d3ed3c6ac4cca20e9ed8c0b","displayTitle":"Video assessment<br>Student&#39;s guide","htmlTitle":"Video assesment submission","body":"","_updatedBy":"5bb390fed459f65d262aa3b3","_publishedAt":"2019-11-12T11:56:47.774Z","_publishedBy":"5bb390fed459f65d262aa3b3","_swipeMenu":{"prevButtonAriaLabel":"Previous","nextButtonAriaLabel":"Next","_shouldShowProgressBarsOnMenus":true,"_menuContentItems":[],"_mobileBackgroundImage":{"_repeat":false,"_fixed":false,"_position":"center","_size":"cover"},"_backgroundImage":{"_repeat":false,"_fixed":false,"_position":"center","_size":"cover"},"_headerGraphic":{"_offset":{"_left":"0","_top":"0"},"_position":"bottom-right","_isFloatingGraphic":false,"_hideOnMobile":false,"_isOverridingTheme":false},"_heroImage":{"_floatingGraphic":{"_hideOnMobile":false,"_offset":{"_left":"0","_top":"0"},"_position":"bottom-right"},"_graphic":{"srcAdvanced":{"_setImagePerDeviceSize":false}},"_contentWidth":70,"layout":"center"},"_shouldHideDisabledControl":false,"_shouldShowControlsOnHover":false,"_shouldPartiallyShowNextItem":false,"_shouldAlwaysShowItems":false,"_shouldShowControlsOnBottom":false,"_shouldDisableItemScaling":false,"_shouldDisableDetailOnHover":false},"_standardMenu":{"_shouldShowIconOnMenuItems":false,"_shouldShowProgressBarsOnMenus":false,"_menuContentItems":[],"_mobileBackgroundImage":{"_repeat":false,"_fixed":false,"_position":"center","_size":"cover"},"_backgroundImage":{"_repeat":false,"_fixed":false,"_position":"center","_size":"cover"},"_headerGraphic":{"_offset":{"_left":"0","_top":"0"},"_position":"bottom-right","_isFloatingGraphic":false,"_hideOnMobile":false,"_isOverridingTheme":false},"_heroImage":{"_floatingGraphic":{"_hideOnMobile":false,"_offset":{"_left":"0","_top":"0"},"_position":"bottom-right"},"_graphic":{"srcAdvanced":{"_setImagePerDeviceSize":false}},"_contentWidth":70,"layout":"center"}},"_playlistMenu":{"_heroImage":{"_floatingGraphic":{"_hideOnMobile":false,"_offset":{"_left":"0","_top":"0"},"_position":"bottom-right"},"_graphic":{"srcAdvanced":{"_setImagePerDeviceSize":false}},"_contentWidth":70,"layout":"center"},"_shouldShowProgressBarsOnMenus":true,"allText":"All","_fullPlaylist":"Full Playlist","_menuGroupLabel":"Topics","_mobileBackgroundImage":{"_repeat":false,"_fixed":false,"_position":"center","_size":"cover"},"_desktopBackgroundImage":{"_repeat":false,"_fixed":false,"_position":"center","_size":"cover"},"_backgroundImage":{"srcAdvanced":{"_setImagePerDeviceSize":false}}},"_mapMenu":{"_shouldShowTitleBar":true,"_closeButtonText":"Close","_menuScrollableContainerMaxWidth":1024,"_menuImageWidth":1024,"_defaultPointerWidth":0},"_coverMenu":{"homeButtonAriaLabel":"Home","prevButtonAriaLabel":"Previous","nextButtonAriaLabel":"Next","_shouldShowProgressBarsOnMenus":true,"_coverButtonText":"View","srcAdvanced":{"_setImagePerDeviceSize":false}},"_boxMenu":{"_menuContentItems":[],"_isVerticalItemLayout":false,"_itemsPerRowMedium":2,"_itemsPerRowLarge":2,"itemCompletionText":"Complete","_showCompletionStatusInFooter":false,"_showCompletionStatusOnMenus":false,"_shouldShowProgressBarsOnMenus":true,"_mobileBackgroundImage":{"_repeat":false,"_fixed":false,"_position":"center","_size":"cover"},"_backgroundImage":{"_repeat":false,"_fixed":false,"_position":"center","_size":"cover"},"_headerGraphic":{"_offset":{"_left":"0","_top":"0"},"_position":"bottom-right","_isFloatingGraphic":false,"_hideOnMobile":false,"_isOverridingTheme":false},"_heroImage":{"_floatingGraphic":{"_hideOnMobile":false,"_offset":{"_left":"0","_top":"0"},"_position":"bottom-right"},"_graphic":{"srcAdvanced":{"_setImagePerDeviceSize":false}},"_contentWidth":70,"layout":"center"}},"_search":{"_searchTagIds":[],"_resources":[],"_tags":[],"_searchableContent":{"extension":true,"menu":true,"page":true,"article":true,"block":true,"component":true},"_shouldUseTitleIfNoDisplayTitle":false,"_shouldDisplayParentPage":false,"_shouldSyncMenuFilter":false,"_isResourcesEnabled":false,"_isMenuFilterEnabled":false,"_isSearchTagsEnabled":false,"_isTokenized":false,"_isOnRightSide":true,"_searchNavigationItemIcon":"magnifier","resourcesLabelText":"Resource","menuFilterLabelText":"Menu","tagsLabelText":"Tags","noResultsText":"No search results","searchSidePanelAriaLabel":"","searchInputAriaLabel":"","searchAriaLabel":"Select this button to toggle the search side panel","searchInputPlaceholder":"Search course...","title":"Search","_isEnabled":true},"_pageIndicator":{"_isInteractionDisabled":false,"_isEnabled":true},"_courseNavigation":{"courseNavigationSidebarAriaLabel":"Tab to move through the course items","courseNavigationAriaLabel":"Select this button to toggle the course navigation sidebar","_isOnRightSide":true,"icon":"document2","homeText":"Home","_isEnabled":true},"_branding":{"_shouldPlaceFooterLogosWithCopyright":false,"_logos":{"_secondaryLogo":{"_isLocatedInFooter":false,"alignment":"right"},"_primaryLogo":{"_isLocatedInFooter":false,"alignment":"left","src":null}},"_isEnabled":true},"_bookmarking":{"_retakeAssessmentNotificationBody":"Do you want to retake the assessment?","_retakeAssessmentNotificationTitle":"This assessment has been completed","_isRetakeAssessmentNotificationEnabled":false,"_notificationCancel":"No","_notificationConfirm":"Yes","_notificationBody":"Do you want to continue the course?","_notificationTitle":"This course is in progress","_isEnabled":true},"_articleIndicator":{"_isOnLeftSide":false,"_isEnabled":true},"_alwaysOpenTextEditorLinksInNewWindow":false,"_comments":{"_isEnabled":false},"_pageCompletionMethod":"viewed","_pageBackgroundImage":{"_mobileBackgroundImage":{"_repeat":false,"_fixed":false,"_position":"center","_size":"cover"},"_backgroundImage":{"_repeat":false,"_fixed":false,"_position":"center","_size":"cover","src":{"_type":"image","_extension":"jpeg","_id":"5d5ea3d2a8c10c720014abcf"}}},"_fonts":{"_installed":[],"_google":[]},"_downloads":{"closeCourseButtonText":"Close Course","_hasCloseCourseButton":false,"viewDownloadsButtonText":"View downloads","nameRequiredText":"Name required","nameLabelText":"Name","body":"","title":"Downloads"},"_videos":{"seekSliderAriaLabel":"seek slider","volumeSliderAriaLabel":"volume slider","fullScreenOffButtonLabel":"Full screen off","fullScreenOnButtonLabel":"Full screen on","subtitlesOffButtonLabel":"Subtitles off","subtitlesOnButtonLabel":"Subtitles on","audioDescriptionOffButtonLabel":"Audio description off","audioDescriptionOnButtonLabel":"Audio description on","unMuteButtonLabel":"Unmute","muteButtonLabel":"Mute","pauseButtonLabel":"Pause","playButtonLabel":"Play","_shouldHideFullScreenButton":false},"_globals":{"_questionAttempts":{"_attempts":1,"_shouldUseGlobalAttempts":false},"incorrectIconAriaLabel":"incorrect","correctIconAriaLabel":"correct","_feedbackText":{"_partlyCorrectNotFinalGraphic":{"_position":"right","srcAdvanced":{"_setImagePerDeviceSize":false}},"_partlyCorrectFinalGraphic":{"_position":"right","srcAdvanced":{"_setImagePerDeviceSize":false}},"_incorrectNotFinalGraphic":{"_position":"right","srcAdvanced":{"_setImagePerDeviceSize":false}},"_incorrectFinalGraphic":{"_position":"right","srcAdvanced":{"_setImagePerDeviceSize":false}},"_correctGraphic":{"_position":"right","srcAdvanced":{"_setImagePerDeviceSize":false}},"incorrectFinalFeedback":"Incorrect","incorrectNotFinalFeedback":"Incorrect, try again","partlyCorrectFinalFeedback":"Partly correct","partlyCorrectNotFinalFeedback":"Partly correct, try again","correctFeedback":"Correct"}},"_buttons":{"_lightbox":{"closeAriaLabel":"close","zoomOutAriaLabel":"zoom out","zoomInAriaLabel":"zoom in"},"disabledAriaLabel":"This button is disabled.","remainingAttemptText":"final attempt","remainingAttemptsText":"attempts remaining","_hideFeedback":{"ariaLabel":"Select this button to hide the feedback","buttonText":"Close"},"_showFeedback":{"_isDisabled":false,"ariaLabel":"Select this button to show the feedback","buttonText":"Show Feedback"},"_hideCorrectAnswer":{"ariaLabel":"Select this button to hide the correct answer","buttonText":"Hide Answer"},"_showCorrectAnswer":{"ariaLabel":"Select this button to show the correct answer","buttonText":"Show Answer"},"_reset":{"ariaLabel":"Select this button to reset your answer","buttonText":"Reset"},"_submit":{"ariaLabel":"Select this button to submit your answer","buttonText":"Submit"}},"_footerNav":{"homeButtonAriaLabel":"","_hasHomeButton":true,"pageOfText":"of","_shouldDisableTitleButtonText":false,"nextButtonText":"Next","previousButtonText":"Previous","_isEnabled":true},"_notify":{"_buttonAlignment":"center","_iconAlignment":"center","_bodyTextAlignment":"center","_titleTextAlignment":"center"},"_navigation":{"navigationLogoAlt":"","notifyButtonAriaLabel":"","navigationSkipContentAriaLabel":"","sidebarAriaLabel":"Tab to move through extra navigation items","hamburgerAriaLabel":"Select this button to toggle the sidebar navigation","dashboardText":"Dashboard","backTextAriaLabel":"","backText":"Back to Page","backToMenuAriaLabel":"","backToMenuText":"Back to Menu","_shouldHideMenu":false},"_version":{"_isVersion":false,"_masterVersionId":null,"versionTitle":null,"_isLanguageVersion":false},"_reviews":{"_reviews":[],"_isUnderReview":false},"_categoryGroups":[],"_categories":[],"_autoVersionFrequency":"day","_hasAutoVersions":false,"_isShareable":false,"_isEditLocked":false,"_isRTL":false,"_evolveTags":[],"_updatedAt":"2019-11-12T11:56:33.921Z","_createdAt":"2019-07-31T10:00:52.314Z","_isAutoState":true,"_state":"publishing","title":"Panopto - student submission 19-20","_type":"course","_childrenIds":["5d4166d4cc85e20d39f9b73f","5d4166d4cc85e20d39f9b77d","5d4166d5cc85e20d39f9b7a4","5d4166d5cc85e20d39f9b7dd","5d4166d4cc85e20d39f9b75d","5d4166d6cc85e20d39f9b7f5"]}
